Title;Link;Creator
Never do this in lab!;https://www.youtube.com/watch?v=21g_Wl5lcds;FootDocDana
Doctor reacts to shocking weight loss hack!;https://www.youtube.com/watch?v=qgG0xpIOZD4;FootDocDana
Why stingrays are no joke ??;https://www.youtube.com/watch?v=s-AwynNGRKQ;FootDocDana
Doctor reacts: webbed toe;https://www.youtube.com/watch?v=YuGnoSQ25Mw;FootDocDana
Tattoo removal explained;https://www.youtube.com/watch?v=YvuP00BxKPA;FootDocDana
Are motorcycles safe?;https://www.youtube.com/watch?v=Np-dOtcqefE;FootDocDana
The olympic sport you've never seen;https://www.youtube.com/watch?v=ETyzMfJOLhM;FootDocDana
How skeletons change over time;https://www.youtube.com/watch?v=UPwSMvyYHzA;FootDocDana
An unexpected diagnosis;https://www.youtube.com/watch?v=VKctxCUVv10;FootDocDana
When the doctor dresses girly;https://www.youtube.com/watch?v=uPffZ5QnI30;FootDocDana
A stroke from a chiropractor?!;https://www.youtube.com/watch?v=hK55MH8CwK8;FootDocDana
When your card declines at the doctors ??;https://www.youtube.com/watch?v=27dV32rauwU;FootDocDana
A satisfying removal;https://www.youtube.com/watch?v=dCMlum1bS-Q;FootDocDana
Whats in her ear?!;https://www.youtube.com/watch?v=7QTZFlJvWik;FootDocDana
Foot doctor reacts to a satisfying removal;https://www.youtube.com/watch?v=hLOoAnxV58E;FootDocDana
Doctor reacts: socks on the beach?;https://www.youtube.com/watch?v=7pUC-6Aefe8;FootDocDana
This is your sign to change your razor ??;https://www.youtube.com/watch?v=_orsGFiS3rw;FootDocDana
Whats on their foot?!;https://www.youtube.com/watch?v=2IR1mYlHoIU;FootDocDana
How old is your hearing?!;https://www.youtube.com/watch?v=rkCeUdq82sA;FootDocDana
Doctor reacts: supergluing gone wrong!;https://www.youtube.com/watch?v=0kftvBv5NSI;FootDocDana
Doctor explains the importance of CPR;https://www.youtube.com/watch?v=jsHJKYzm0us;FootDocDana
They did surgery on a stick of celery;https://www.youtube.com/watch?v=w6kSrR-13Rk;FootDocDana
Doctor reacts: crab pedicure?!;https://www.youtube.com/watch?v=ei5LQvk_DIU;FootDocDana
Doctor reacts to a shocking video;https://www.youtube.com/watch?v=m9dPapcSptE;FootDocDana
Doctor reacts: wedding day injury;https://www.youtube.com/watch?v=gq2hQHKbhQQ;FootDocDana
The disease that makes you deathly afraid of water;https://www.youtube.com/watch?v=9KVOryddgSw;FootDocDana
The scariest thing a baby can do;https://www.youtube.com/watch?v=yfEcpHsDkEk;FootDocDana
Doctor explains: the importance of hand washing!;https://www.youtube.com/watch?v=UWXVkDFDMag;FootDocDana
Doctor reacts: extreme triceps reflex!;https://www.youtube.com/watch?v=sQqw0Y8932k;FootDocDana
Your soda can is dirtier than you think ??;https://www.youtube.com/watch?v=nMP1wKtkimM;FootDocDana
Doctor reacts to sprained ankle;https://www.youtube.com/watch?v=FvAG8T8aXZ4;FootDocDana
Doctor reacts: memory foam skin;https://www.youtube.com/watch?v=K6tdR3SVLNw;FootDocDana
Easy trick to estimate adult height!;https://www.youtube.com/watch?v=wrbNZjgtRBk;FootDocDana
Why you should replace your bike helmet!;https://www.youtube.com/watch?v=T1rhcWP3ZP4;FootDocDana
Doctor explains: random hairs;https://www.youtube.com/watch?v=Z8YzhSlgIMU;FootDocDana
The brain injury that made him a genius;https://www.youtube.com/watch?v=T_6K0QD6cYY;FootDocDana
Doctor reacts: thumb condition;https://www.youtube.com/watch?v=KlHZXYdHGzQ;FootDocDana
Cardi B on healthcare;https://www.youtube.com/watch?v=o8EpvJjjnd4;FootDocDana
Doctor reacts: showering with a cast;https://www.youtube.com/watch?v=X7M8EdeeySE;FootDocDana
The study hack that made me a doctor;https://www.youtube.com/watch?v=Tjm9DiV2pxU;FootDocDana
Doctor reacts to a satisfying removal!;https://www.youtube.com/watch?v=IyaqNvnis1E;FootDocDana
Doctor reacts: ant stitches?! @zackdfilms;https://www.youtube.com/watch?v=Tmo9rfBWgfE;FootDocDana
Doctor reacts to callus shaving device;https://www.youtube.com/watch?v=iEu0k7XyxD8;FootDocDana
Are these shoes too big?;https://www.youtube.com/watch?v=KkD3OHdCsr0;FootDocDana
How healthy are your lungs?!;https://www.youtube.com/watch?v=JYiALtCenfs;FootDocDana
Passing kidney stones at Disneyland?!;https://www.youtube.com/watch?v=r57Tu0w9QH0;FootDocDana
Peanut allergies in a nutshell;https://www.youtube.com/watch?v=7g0TCuovjVc;FootDocDana
What is that heel condition?!;https://www.youtube.com/watch?v=40ljFfjA0zo;FootDocDana
Doctor reacts: surviving a snake bite;https://www.youtube.com/watch?v=n_N7ite-hLU;FootDocDana
Doctor reacts: incredible transformation!;https://www.youtube.com/watch?v=nmUYkUPG0d8;FootDocDana
This band-aid life hack is amazing ??;https://www.youtube.com/watch?v=j2CZQtuZkxc;FootDocDana
How fresh are surgical instruments?;https://www.youtube.com/watch?v=FDQmARpyUeM;FootDocDana
Why this is more dangerous than it looks;https://www.youtube.com/watch?v=AtYoiLRL6jg;FootDocDana
Why bus seats are dirtier than you think ??;https://www.youtube.com/watch?v=MdxxsV2im74;FootDocDana
Doctor reacts: whats under their skin?;https://www.youtube.com/watch?v=bLCe-WqZY_g;FootDocDana
Doctor reacts: intentional sunburn?!;https://www.youtube.com/watch?v=thc649dN59U;FootDocDana
Doctor reacts to a heartwarming story!;https://www.youtube.com/watch?v=OSYydbeTqhc;FootDocDana
Doctor expectation vs reality;https://www.youtube.com/watch?v=hbLAr1U47nU;FootDocDana
GenZ as doctors;https://www.youtube.com/watch?v=CGecwjcyPUQ;FootDocDana
The intrusive thoughts won;https://www.youtube.com/watch?v=39PK5w1PqCI;FootDocDana
Doctor reacts: bowling gone WRONG;https://www.youtube.com/watch?v=hyUQlfE3lHc;FootDocDana
What body part is that?! (With @DoctorMyro);https://www.youtube.com/watch?v=0jWKFHGclio;FootDocDana
Doctor explains: toe transplant surgery!;https://www.youtube.com/watch?v=pDVC0kr6oys;FootDocDana
How do you pee in surgery? (with @DoctorMyro);https://www.youtube.com/watch?v=sc3Lke2nRVs;FootDocDana
Doctor reacts: anatomy fun fact;https://www.youtube.com/watch?v=0_YXJxtyhGs;FootDocDana
Surgeons who wear crocs be like:;https://www.youtube.com/watch?v=UB577iGJG8g;FootDocDana
What to do when a ring is stuck;https://www.youtube.com/watch?v=PRLZ1nMptvE;FootDocDana
What happens when you forget foot sunscreen;https://www.youtube.com/watch?v=3TR8JiZLZ5Y;FootDocDana
The creepiest muscle in your body;https://www.youtube.com/watch?v=LgfUJbzZt1w;FootDocDana
Doctor reacts: most dangerous shoes ever;https://www.youtube.com/watch?v=5KpI5j8naTk;FootDocDana
Revealing my age;https://www.youtube.com/watch?v=O9qaTX0uB7M;FootDocDana
Doctor reacts: cast removal gone wrong;https://www.youtube.com/watch?v=QqAC4NeJ5Ao;FootDocDana
Why running AGES you;https://www.youtube.com/watch?v=AGrXX_VVpt0;FootDocDana
Donating blood burns 500 calories?;https://www.youtube.com/watch?v=zHyWOxWEsMw;FootDocDana
When do doctors ??? (With @DoctorMyro);https://www.youtube.com/watch?v=G_g6N1fgezY;FootDocDana
Worlds most dangerous haircut!;https://www.youtube.com/watch?v=QcoI4XvLAO4;FootDocDana
Doctor explains: jellyfish stings;https://www.youtube.com/watch?v=QJu-sQQd2jQ;FootDocDana
This video made me RAGE;https://www.youtube.com/watch?v=4UF7BgLt758;FootDocDana
Doctor explains winter injuries;https://www.youtube.com/watch?v=xoqRclvJpCg;FootDocDana
Doctor reacts: dry gangrene;https://www.youtube.com/watch?v=BBf1P5tDy98;FootDocDana
Why you NEVER want to run in heels;https://www.youtube.com/watch?v=Bf_MtekL39c;FootDocDana
Doctor reacts: hydrogen peroxide life hack;https://www.youtube.com/watch?v=yBi4Wa-Aqwk;FootDocDana
Guess the bone;https://www.youtube.com/watch?v=pLqKX2c6-VE;FootDocDana
Doctor explains: what happens during a tattoo;https://www.youtube.com/watch?v=3THTCOcxrRA;FootDocDana
They broke an ankle dancing?!;https://www.youtube.com/watch?v=yfpLOFQWm2M;FootDocDana
Exposing more false advertising;https://www.youtube.com/watch?v=2ftBGKN9C1w;FootDocDana
Doctor reacts: medicine life hack;https://www.youtube.com/watch?v=F_IQB33qvr8;FootDocDana
Doctor reacts: one reason you get chest pain;https://www.youtube.com/watch?v=JiuZBvr1WKQ;FootDocDana
Doctor reacts: surgery DISASTER!;https://www.youtube.com/watch?v=z789ks2I7f4;FootDocDana
Doctor reacts: EXTREME fingernails;https://www.youtube.com/watch?v=zBZ5HvgyhRs;FootDocDana
The dangers of undercooked meat;https://www.youtube.com/watch?v=dkQEPppvg0g;FootDocDana
Doctor reacts: ?? in surgery;https://www.youtube.com/watch?v=o77sn0NUpSA;FootDocDana
Doctors react: expired epipen (with @DoctorMyro);https://www.youtube.com/watch?v=mKBq8-q6nW0;FootDocDana
This is your sign to wear more sunscreen;https://www.youtube.com/watch?v=ptoz2bmmOYA;FootDocDana
Doctors explain: how to use an epipen (with @DoctorMyro);https://www.youtube.com/watch?v=m5eExtshLUw;FootDocDana
Why ballet is harder than it looks ??;https://www.youtube.com/watch?v=z6ePPzvFz8M;FootDocDana
Doctors explain: emergency tourniquet (with @DoctorMyro);https://www.youtube.com/watch?v=FZfRfc-wPrE;FootDocDana
Doctor reacts: hair tourniquet (pt. 2);https://www.youtube.com/watch?v=_7Q7FMlkykY;FootDocDana
Doctor reacts: man flu?;https://www.youtube.com/watch?v=wRyQJD0_iYI;FootDocDana
Why THIS is extremely dangerous for infants;https://www.youtube.com/watch?v=D1UV_xRbZ1w;FootDocDana
Doctor reacts: crazy foot injury;https://www.youtube.com/watch?v=YFq3ecQQ86c;FootDocDana
Only 8% of people can do this;https://www.youtube.com/watch?v=wF8AXHbfUDU;FootDocDana
Doctors react to amazing humans (with @DoctorMyro);https://www.youtube.com/watch?v=ZFLXn0jgh6Q;FootDocDana
Doctor reacts: sandpaper skin!;https://www.youtube.com/watch?v=xJBj-CA2TlY;FootDocDana
We kayaked to a deserted island?! (With @DoctorMyro);https://www.youtube.com/watch?v=fiqtVbl-DRk;FootDocDana
Why you should NEVER inhale balloon air;https://www.youtube.com/watch?v=Mqrv4o_IUqg;FootDocDana
Why scuba divers fall backwards!;https://www.youtube.com/watch?v=K6LlenYLgiQ;FootDocDana
Doctor reacts: EXTREME bunion;https://www.youtube.com/watch?v=XEOEZPsQ--U;FootDocDana
Fact checking Joe Rogan;https://www.youtube.com/watch?v=nV0a_jokHA4;FootDocDana
Doctor reacts: extreme leg condition;https://www.youtube.com/watch?v=Y6ZmqJkXOck;FootDocDana
Misleading advertising exposed!;https://www.youtube.com/watch?v=0OJUEJ39QxM;FootDocDana
This is feminism;https://www.youtube.com/watch?v=fyEDQe95W-U;FootDocDana
Forbidden butter;https://www.youtube.com/watch?v=umvg_PM23ME;FootDocDana
Doctor explains: hammertoe surgery;https://www.youtube.com/watch?v=jrFf_gCDdCE;FootDocDana
Doctor explains: cast cutting saws;https://www.youtube.com/watch?v=z5SMs0MMjgQ;FootDocDana
THIS is your sign to drink more water;https://www.youtube.com/watch?v=rdwJjttfU84;FootDocDana
Doctor reacts: worlds biggest blister;https://www.youtube.com/watch?v=a3_SoNBHRwE;FootDocDana
Doctor explains: ankle fusion surgery;https://www.youtube.com/watch?v=fY0IEdT0fe8;FootDocDana
I messed up ??;https://www.youtube.com/watch?v=e4s6vpjxwG0;FootDocDana
This secret talent is CRAZY;https://www.youtube.com/watch?v=uJHc8Yn0OBc;FootDocDana
Doctor reacts: torn tendon;https://www.youtube.com/watch?v=lwG31GWc7Zw;FootDocDana
When someone copies your outfit;https://www.youtube.com/watch?v=Xh4_Qbu6NEQ;FootDocDana
The simple travel hack youve never heard of;https://www.youtube.com/watch?v=01k1wPGevLc;FootDocDana
Doctor reacts: shins of steel;https://www.youtube.com/watch?v=19m8sVZNVbc;FootDocDana
Doctor reacts: skin transplant machine;https://www.youtube.com/watch?v=CyBdqY5TCMI;FootDocDana
Doctor reacts: yellow tears?!;https://www.youtube.com/watch?v=j_XtmyFEV-M;FootDocDana
Doctor reacts: bible bump;https://www.youtube.com/watch?v=qrYkOSCgOcs;FootDocDana
Try this hack to cure nausea!;https://www.youtube.com/watch?v=hK1HCMOruBg;FootDocDana
When I dont wear my uniform;https://www.youtube.com/watch?v=q78efxFlIx8;FootDocDana
Should you take Tylenol or Advil? ??;https://www.youtube.com/watch?v=wUQuvKPWSsQ;FootDocDana
Doctor reacts: shoe hacks;https://www.youtube.com/watch?v=Xh0kCOnVu6E;FootDocDana
Doctor reacts: popping a bunion?!;https://www.youtube.com/watch?v=PCDQF5zQGpg;FootDocDana
Doctors after Zoom University be like;https://www.youtube.com/watch?v=j-l9Oj4F1Ek;FootDocDana
Why Ill never get Botox again;https://www.youtube.com/watch?v=Kav2wxq7esI;FootDocDana
How laser tattoo removal REALLY works;https://www.youtube.com/watch?v=uREmGazco1k;FootDocDana
Did you know salamanders can do this?;https://www.youtube.com/watch?v=MEvAlJOsK7c;FootDocDana
Doctor reacts: trench foot;https://www.youtube.com/watch?v=wwR5DVh4Xmk;FootDocDana
Doctor reacts: extreme ASMR pedicure;https://www.youtube.com/watch?v=5ecKukhHkeQ;FootDocDana
This is offensive.;https://www.youtube.com/watch?v=8sTqkgAQxYo;FootDocDana
This is why we twitch while falling asleep (with @DoctorMyro);https://www.youtube.com/watch?v=BSUQfypFVpo;FootDocDana
Why doctors ALWAYS need 2 x-rays;https://www.youtube.com/watch?v=qANHZaVnBII;FootDocDana
Doctor reacts: the forbidden technique ??;https://www.youtube.com/watch?v=cl_5tLGzqSg;FootDocDana
My parents betrayed me;https://www.youtube.com/watch?v=D_qXfcZBVuM;FootDocDana
Doctor explains: placebo surgeries?! (with @DoctorMyro);https://www.youtube.com/watch?v=8CIbm0kyvco;FootDocDana
Doctor reacts: skin cancer diagnosis;https://www.youtube.com/watch?v=jHVjsh-R_y8;FootDocDana
This is how you get 3 kidneys! (with @DoctorMyro);https://www.youtube.com/watch?v=qThoR48XC4E;FootDocDana
Doctor reacts: new high heels;https://www.youtube.com/watch?v=xBlyzeUGjHM;FootDocDana
This doctor performed surgery on himself! (with @DoctorMyro);https://www.youtube.com/watch?v=9LcQJS9rk24;FootDocDana
The laziest med students;https://www.youtube.com/watch?v=ADpWWnelc6g;FootDocDana
Doctor explains: ancient surgeries?! (with @DoctorMyro);https://www.youtube.com/watch?v=cyegL5NUOZY;FootDocDana
Doctor reacts: 3D printing a foot;https://www.youtube.com/watch?v=GK3lm9OjNGo;FootDocDana
This means you have foot herpes!;https://www.youtube.com/watch?v=9TP0SNnqVJA;FootDocDana
Doctor reacts: its impossible to keep your tongue still;https://www.youtube.com/watch?v=Ne891--Mq9U;FootDocDana
Doctor reacts: slapping a cyst?;https://www.youtube.com/watch?v=7fiuyZIEyzs;FootDocDana
Doctor reacts to satisfying ingrown removal;https://www.youtube.com/watch?v=U7gHNnC0m9E;FootDocDana
Foot doctor reacts: bunion cake?!;https://www.youtube.com/watch?v=PibTis2LeSI;FootDocDana
Doctor reacts: high heels surprise;https://www.youtube.com/watch?v=-zrY8PdKJiI;FootDocDana
How this surgery makes you taller!;https://www.youtube.com/watch?v=RYFhe4hVeMI;FootDocDana
Doctor reacts: HUGE splinter removal!;https://www.youtube.com/watch?v=6XA0lFqT0Nc;FootDocDana
This is what an Achilles tear looks like ??;https://www.youtube.com/watch?v=LcLNwuwZIFc;FootDocDana
THIS could be a sign of diabetes ??;https://www.youtube.com/watch?v=d7jEz9N2zhA;FootDocDana
Guess the color (ASMR clay cracking);https://www.youtube.com/watch?v=DY6-Vvv9q1I;FootDocDana
Why dogs are more dangerous than they look!;https://www.youtube.com/watch?v=q_2iN46oQwI;FootDocDana
Best word in the English language;https://www.youtube.com/watch?v=uKk2azfiSwA;FootDocDana
Is this foot life hack legit?;https://www.youtube.com/watch?v=SnFQurZyXH8;FootDocDana
Doctor reacts to shoe life hack!;https://www.youtube.com/watch?v=uC5nNIYgrjw;FootDocDana
Doctor reacts: satisfying shoe slicing;https://www.youtube.com/watch?v=6EyV0pqGbTc;FootDocDana
Doctor reacts: born without a toe?!;https://www.youtube.com/watch?v=EuemdrNFbHI;FootDocDana
Doctor reacts: born with 13 toes;https://www.youtube.com/watch?v=bLYfe69z-g0;FootDocDana
Doctor reacts: amputee pedicures?;https://www.youtube.com/watch?v=xMh0HW3e04g;FootDocDana
A diet company stole my video.;https://www.youtube.com/watch?v=nx0Vp_aQWeI;FootDocDana
Doctor explains skin transplant surgery;https://www.youtube.com/watch?v=UJJHzK53CPQ;FootDocDana
Haters said that I'm fake?!;https://www.youtube.com/watch?v=q1a1yQu8ff0;FootDocDana
#1 on a foot doctors wish list;https://www.youtube.com/watch?v=7c1vfKvsGPE;FootDocDana
Doctor reacts: feet on fire?!;https://www.youtube.com/watch?v=JMJYNhSQtI0;FootDocDana
Doctor reacts: fridge accident;https://www.youtube.com/watch?v=ciZ39mylgrQ;FootDocDana
Is this product legit?!;https://www.youtube.com/watch?v=QLbqIh3ybf0;FootDocDana
TikTok doctor: high school vs now;https://www.youtube.com/watch?v=5xQBWlRk4hU;FootDocDana
Doctor reacts: the pay gap;https://www.youtube.com/watch?v=zsSsNeVktco;FootDocDana
Doctor reacts to a world record fall!;https://www.youtube.com/watch?v=EIe1HkcbOxs;FootDocDana
How CT scans REALLY work;https://www.youtube.com/watch?v=k0ov1M84L1U;FootDocDana
Im done.;https://www.youtube.com/watch?v=OvvAZzIaoRw;FootDocDana
You won't believe what's under your nails!;https://www.youtube.com/watch?v=BivYE4VDp8U;FootDocDana
Doctor reacts: whats stuck in his foot?!;https://www.youtube.com/watch?v=SxABHqDi_BY;FootDocDana
Why babies have different hands;https://www.youtube.com/watch?v=td-xG3tG84c;FootDocDana
The move that made #LeBron cry;https://www.youtube.com/watch?v=lJcg86KuTMI;FootDocDana
What is this extreme condition?;https://www.youtube.com/watch?v=4cgzahx2Gzk;FootDocDana
Why I became a #doctor;https://www.youtube.com/watch?v=lVemKmcBmqM;FootDocDana
Doctor reacts: born with 6 fingers?;https://www.youtube.com/watch?v=moXMsrSDZT8;FootDocDana
Doctor reacts to extreme foot massage;https://www.youtube.com/watch?v=3FP4cGK8pBc;FootDocDana
Im on Greys Anatomy?!;https://www.youtube.com/watch?v=65WoVFIfdHs;FootDocDana
Doctor reacts to toe BBL surgery;https://www.youtube.com/watch?v=pZ1BgY271d8;FootDocDana
Doctor reacts: extreme pedicure;https://www.youtube.com/watch?v=bg6YuQ8qh7A;FootDocDana
Doctor reacts: a jar full of callus?!;https://www.youtube.com/watch?v=59OHg8FRYX8;FootDocDana
Doctor reacts to viral popcorn TikTok;https://www.youtube.com/watch?v=F_ERVBgqJbI;FootDocDana
Awkward surgery moment;https://www.youtube.com/watch?v=NpED3x04Rsg;FootDocDana
Doctor reacts to crushed feet!;https://www.youtube.com/watch?v=76bfLJGrqx8;FootDocDana
How to REALLY prepare for knee surgery;https://www.youtube.com/watch?v=jhxm9QaPjoo;FootDocDana
Dont make this mistake at the doctors office;https://www.youtube.com/watch?v=f6id_oCYawY;FootDocDana
How allergies can be deadly;https://www.youtube.com/watch?v=m4spCBboI_w;FootDocDana
Why this baby is stuck in the tube;https://www.youtube.com/watch?v=4FT1zYWS124;FootDocDana
The moment I realized I was a bad doctor;https://www.youtube.com/watch?v=LfVdMpcpMzQ;FootDocDana
This trend is hilarious;https://www.youtube.com/watch?v=__UK0HqB1Uw;FootDocDana
Make people think its a photo challenge;https://www.youtube.com/watch?v=ACbaBQ1yKT4;FootDocDana
Foot doctor reacts: barefoot in disguise?!;https://www.youtube.com/watch?v=JwxRyqaZrgI;FootDocDana
Why do faces have a good side?;https://www.youtube.com/watch?v=UtQM2MvOGoc;FootDocDana
Doctor reacts: getting a tan;https://www.youtube.com/watch?v=tEpro8WZ8DI;FootDocDana
Never do THIS with Q tips!;https://www.youtube.com/watch?v=nzHc7x4nWmM;FootDocDana
Doctor reacts: a heartwarming moment!;https://www.youtube.com/watch?v=5fHs19qLmQM;FootDocDana
Calming your nerves before surgery;https://www.youtube.com/watch?v=4QOk5Igoaws;FootDocDana
When you wear the same outfit as your bestie;https://www.youtube.com/watch?v=N16JarJ_vlY;FootDocDana
When youre late for work;https://www.youtube.com/watch?v=qkgGtoD-NH8;FootDocDana
Doctor reacts to a layered toenail;https://www.youtube.com/watch?v=dtQ2mKU-Lrg;FootDocDana
Apologizing for my last video;https://www.youtube.com/watch?v=cT--YDCaFBw;FootDocDana
Doctor explains a rare medical condition;https://www.youtube.com/watch?v=KYx6GzT0tJA;FootDocDana
Medical interns be like;https://www.youtube.com/watch?v=SaA1WxLrYjo;FootDocDana
Every surgery students worst fear;https://www.youtube.com/watch?v=A1cl51LlaVE;FootDocDana
Why cant babies drink water?!;https://www.youtube.com/watch?v=SqjMPROCU6Y;FootDocDana
Someone tried to fire me because of YouTube?!;https://www.youtube.com/watch?v=U21_yn4M6bU;FootDocDana
Doctor explains the forbidden itching technique;https://www.youtube.com/watch?v=2pMJMe1aIfU;FootDocDana
Im in the hospital;https://www.youtube.com/watch?v=wYDKnEeoLoI;FootDocDana
Doctor reacts: foot callus art?;https://www.youtube.com/watch?v=4JFFNZdrO74;FootDocDana
Doctor reacts: how a virus spreads;https://www.youtube.com/watch?v=20ZkBBm74_s;FootDocDana
Doctor explains mysterious foot growth;https://www.youtube.com/watch?v=ISCiYD8lYO8;FootDocDana
This is NASTY!;https://www.youtube.com/watch?v=RXaHQQV4DAg;FootDocDana
Doctor reacts: hands-free origami?;https://www.youtube.com/watch?v=4v6zFbdzouA;FootDocDana
Doctor reacts: lockjaw;https://www.youtube.com/watch?v=O-xhDJWrKVI;FootDocDana
I didn't sign up for this ?? (@DoctorMyro);https://www.youtube.com/watch?v=Hpqw2C_oUAs;FootDocDana
Doctor reacts: intentionally getting covid?!;https://www.youtube.com/watch?v=YCVQ6_0sWq8;FootDocDana
How cleaning almost ??ed her!;https://www.youtube.com/watch?v=jA9Y-hHb7CU;FootDocDana
Whats wrong with these nails?!;https://www.youtube.com/watch?v=pKLa2AcEFWs;FootDocDana
Doctor reacts: artificial human?;https://www.youtube.com/watch?v=5AKN49bhzcQ;FootDocDana
Work thieves be like;https://www.youtube.com/watch?v=x0WmqDJuiq0;FootDocDana
You wont believe whats in this brain!;https://www.youtube.com/watch?v=7x7jI3cbeOY;FootDocDana
The REAL reason I became a doctor;https://www.youtube.com/watch?v=tkdhLSLS2cQ;FootDocDana
Doctor reacts: bizarre pedicure;https://www.youtube.com/watch?v=pKcfUReCTkI;FootDocDana
Why your feet never stop growing;https://www.youtube.com/watch?v=0eVMi9bvpIQ;FootDocDana
Doctor reacts to blowers disease!;https://www.youtube.com/watch?v=c6DN0a_BLmc;FootDocDana
The RIGHT way to cut your toenails;https://www.youtube.com/watch?v=FZ4GFzjXqVo;FootDocDana
Doctor reacts: toenail removal;https://www.youtube.com/watch?v=DvWWkLYWi2k;FootDocDana
Doctor reacts: born with 12 toes?;https://www.youtube.com/watch?v=x366Ygx0f2c;FootDocDana
A whole new meaning to fruit by the foot ??;https://www.youtube.com/watch?v=xlmowV6aduk;FootDocDana
Doctor reacts: whats on her foot?;https://www.youtube.com/watch?v=Do2yFoi5jgQ;FootDocDana
Doctor busts a foot health MYTH;https://www.youtube.com/watch?v=xB47bjBlzag;FootDocDana
Doctor reacts: broken heels;https://www.youtube.com/watch?v=6TUi5x7PXew;FootDocDana
This is worse than it looks;https://www.youtube.com/watch?v=MMOM2BK-CXw;FootDocDana
Doctor reacts: ripping off a nail;https://www.youtube.com/watch?v=NKHDEpNyVAg;FootDocDana
I didnt see this coming;https://www.youtube.com/watch?v=RBVDKD2Z0kw;FootDocDana
A dangerous callus removal ??;https://www.youtube.com/watch?v=iR-UF4kVmUk;FootDocDana
Why THIS is false advertising!;https://www.youtube.com/watch?v=-BHmjKnYBpI;FootDocDana
Doctor reacts: extreme ingrown nail removal;https://www.youtube.com/watch?v=yWosV7IZ2bk;FootDocDana
Doctor reacts: balloon socks;https://www.youtube.com/watch?v=_lcarK1iK-E;FootDocDana
The WORST callus treatment!;https://www.youtube.com/watch?v=QKMPcSLFQA8;FootDocDana
Doctor reacts to sock lifehack;https://www.youtube.com/watch?v=EUNYG-T8QL8;FootDocDana
I was not ready for that ??;https://www.youtube.com/watch?v=R37HyPhZrRU;FootDocDana
Im speechless.;https://www.youtube.com/watch?v=rVjvZ0bKnY8;FootDocDana
Are crabs good for your feet?!;https://www.youtube.com/watch?v=7yX07G6KUrI;FootDocDana
Doctor reacts: foot wound asmr;https://www.youtube.com/watch?v=4NfFDmw_7cM;FootDocDana
Why kombucha is dangerous! ??;https://www.youtube.com/watch?v=2TsiUNHo6h8;FootDocDana
Another satisfying shaving;https://www.youtube.com/watch?v=qU4lwaSgSzg;FootDocDana
POV: laughing in the womb;https://www.youtube.com/watch?v=x5f7hSQF7Ec;FootDocDana
Why dont cast saws cut your skin?;https://www.youtube.com/watch?v=ttlt-7qEopg;FootDocDana
Doctor explains the science of warts;https://www.youtube.com/watch?v=VylDPJ8SE3w;FootDocDana
How to prevent bleeding out (with @DoctorMyro);https://www.youtube.com/watch?v=InE_n5SlWLo;FootDocDana
Whats on the bottom of his foot?!;https://www.youtube.com/watch?v=5kTvGePMfr8;FootDocDana
Diagnosis: broken heart ?? (with @DoctorMyro);https://www.youtube.com/watch?v=arYU0E0MxA8;FootDocDana
This is what heart failure looks like;https://www.youtube.com/watch?v=_k1T_BH5dDI;FootDocDana
Doctor reacts: concrete pedicure?;https://www.youtube.com/watch?v=bjJhZiLd_Uc;FootDocDana
Your hands are dirtier than you think ?? (with @DoctorMyro);https://www.youtube.com/watch?v=sQnzAng6djY;FootDocDana
Inflating a lung!;https://www.youtube.com/watch?v=r_rc5BBk-4Q;FootDocDana
Doctor reacts: parasites on your feet?!;https://www.youtube.com/watch?v=Kb4yG8jcKFA;FootDocDana
How these shoes DESTROYED her legs;https://www.youtube.com/watch?v=PBoyGaZr714;FootDocDana
The truth about skin picking;https://www.youtube.com/watch?v=1zKXuYcEzn8;FootDocDana
A satisfying callus removal;https://www.youtube.com/watch?v=j8RY3z09gCQ;FootDocDana
Doctor reacts: a painful removal;https://www.youtube.com/watch?v=FZRrNYkEtEA;FootDocDana
Having asthma is a choice?;https://www.youtube.com/watch?v=GOsth5tN0hI;FootDocDana
The worst warts I've ever seen ??;https://www.youtube.com/watch?v=oBStet99QQY;FootDocDana
The REAL reason I like @Fabletics scrubs;https://www.youtube.com/watch?v=RvFfgJ9iUaY;FootDocDana
Where pee REALLY comes from;https://www.youtube.com/watch?v=1dhe2Jg5DhY;FootDocDana
Things you see at Wal Mart ??;https://www.youtube.com/watch?v=oZF11A5-uXU;FootDocDana
What is this skin condition?;https://www.youtube.com/watch?v=CwfYHLCQ38Y;FootDocDana
What happens if you keep a ring on for too long;https://www.youtube.com/watch?v=J7HXhYQoeGU;FootDocDana
Doctor reacts: toenail treatment;https://www.youtube.com/watch?v=6KZHjzPFd-8;FootDocDana
Whats on his nose?!;https://www.youtube.com/watch?v=5LykG0lkmdI;FootDocDana
Why this WONT fix your ingrown toenails;https://www.youtube.com/watch?v=NqA3zFt4XWY;FootDocDana
Why thrifting can be dangerous;https://www.youtube.com/watch?v=WlH2lRIB-pQ;FootDocDana
Forbidden potato chip;https://www.youtube.com/watch?v=27wXM5RDspY;FootDocDana
Doctor reacts: forbidden corn flakes;https://www.youtube.com/watch?v=fjI2igBldvM;FootDocDana
How men do pedicures ??;https://www.youtube.com/watch?v=uKOf3Xs34EY;FootDocDana
This is genius!;https://www.youtube.com/watch?v=D-WZOCw2iqU;FootDocDana
Doctor reacts: extreme foot callus!;https://www.youtube.com/watch?v=XWxYulx0nhE;FootDocDana
An extremely satisfying invention;https://www.youtube.com/watch?v=ukWYlIc2rQ0;FootDocDana
Biggest splinter removal EVER;https://www.youtube.com/watch?v=4szTwwU2VG4;FootDocDana
Never do this at the beach!;https://www.youtube.com/watch?v=0mokpnxjUgI;FootDocDana
Trimming the greenie!;https://www.youtube.com/watch?v=W_e8kdzZVos;FootDocDana
A satisfying chemical reaction;https://www.youtube.com/watch?v=473LV4vgsU0;FootDocDana
The craziest way to treat shin splints;https://www.youtube.com/watch?v=iUQI2c_48v0;FootDocDana
The shocking surgery that makes you taller!;https://www.youtube.com/watch?v=8BH5H5esYsI;FootDocDana
Doctor reacts: satisfying wart removal;https://www.youtube.com/watch?v=NQVY9-5aSgc;FootDocDana
Why you should always wear sunscreen!;https://www.youtube.com/watch?v=N_1aCyu21vU;FootDocDana
I have no words...;https://www.youtube.com/watch?v=Y6u_mruisgA;FootDocDana
Doctor reacts: hospital fashion;https://www.youtube.com/watch?v=HRBxRBRipkQ;FootDocDana
Whats coming out of her eye?!;https://www.youtube.com/watch?v=9lae3IGgl4o;FootDocDana
How doctors place hidden stitches | SUTURE ANIMATION;https://www.youtube.com/watch?v=mzFjFG4mbsk;FootDocDana
Doctor reacts to shocking weight loss hack!;https://www.youtube.com/watch?v=0tkOzcHzmxI;FootDocDana
Never do this in lab!;https://www.youtube.com/watch?v=zvp1hd17ICw;FootDocDana
Check out this life hack for your feet!;https://www.youtube.com/watch?v=MIOhzk63ddY;FootDocDana
How skeletons change over time;https://www.youtube.com/watch?v=qlKI_DDTexE;FootDocDana
This life hack is a scam!;https://www.youtube.com/watch?v=LzjmKNgbqjw;FootDocDana
How to tell if your ankle is sprained;https://www.youtube.com/watch?v=JRFYXVrdX1U;FootDocDana
Doctor reacts to HUGE splinter removal;https://www.youtube.com/watch?v=fNePMlX0Vmg;FootDocDana
Whats on her finger?!;https://www.youtube.com/watch?v=84zCVQi3G1A;FootDocDana
When your card declines at the doctors ??;https://www.youtube.com/watch?v=YpfXTKl2p5s;FootDocDana
Doctor reacts: foot peeling masks;https://www.youtube.com/watch?v=n0GfqvsDTHU;FootDocDana
More about foot warts!;https://www.youtube.com/watch?v=mUIStqkmPug;FootDocDana
Lets see if he bleeds;https://www.youtube.com/watch?v=A2vJCb7RiAw;FootDocDana
What to do if you accidentally cut off your finger;https://www.youtube.com/watch?v=flkg6wMlGL4;FootDocDana
Worlds smallest toenail;https://www.youtube.com/watch?v=hVjuZYWVa5s;FootDocDana
Doctor reacts to shocking video;https://www.youtube.com/watch?v=FTn2Ke3vDkI;FootDocDana
Is it ok to go barefoot on a plane?;https://www.youtube.com/watch?v=z8Ko-ySq9n8;FootDocDana
The forbidden pedicure;https://www.youtube.com/watch?v=FTNPFvjZa0U;FootDocDana
That was unexpected!;https://www.youtube.com/watch?v=RriNw4vR8hI;FootDocDana
Foot doctor reacts to a satisfying removal;https://www.youtube.com/watch?v=sefqn37eL7g;FootDocDana
She shaved off SO MUCH;https://www.youtube.com/watch?v=yRBz1hOKLJs;FootDocDana
Tattoo removal explained;https://www.youtube.com/watch?v=_86XzSA8kB0;FootDocDana
The VIRAL foot peeling mask;https://www.youtube.com/watch?v=0iefnXZekzI;FootDocDana
What ballerina feet REALLY do in their shoes;https://www.youtube.com/watch?v=ve2ZKZnedHU;FootDocDana
Why tattoos last forever;https://www.youtube.com/watch?v=aA94R_ovcuU;FootDocDana
Removing your ingrown nails be like;https://www.youtube.com/watch?v=G-eLcvaQ73w;FootDocDana
A satisfying removal;https://www.youtube.com/watch?v=mo12yP_cg94;FootDocDana
Oddly satisfying callus shaving?;https://www.youtube.com/watch?v=hziYoU1Wrms;FootDocDana
Whats on their foot?!;https://www.youtube.com/watch?v=xC1TVhT8Um8;FootDocDana
Doctor reacts to HILARIOUS video;https://www.youtube.com/watch?v=ttHSb4yNp7o;FootDocDana
The disease that makes you deathly afraid of water;https://www.youtube.com/watch?v=UDzAsyZYZxo;FootDocDana
Doctor reacts: she cant feel her toes!;https://www.youtube.com/watch?v=eg4N49ogwZQ;FootDocDana
The perfect gift to show your love ????;https://www.youtube.com/watch?v=1Zo8TvD7S5g;FootDocDana
Forbidden snow;https://www.youtube.com/watch?v=adTt3e3Gh5g;FootDocDana
Doctor reacts: insane toenail removal;https://www.youtube.com/watch?v=zwpQfrsGzbw;FootDocDana
Rookie mistake;https://www.youtube.com/watch?v=unELUjaRnLw;FootDocDana
Doctor reacts: whats wrong with his foot?!;https://www.youtube.com/watch?v=CNxiQ1qcUt0;FootDocDana
A dangerous pop!;https://www.youtube.com/watch?v=CDeYMm4iDhA;FootDocDana
This challenge is dangerous!;https://www.youtube.com/watch?v=Pxct81lwpWA;FootDocDana
This is your sign to clip your toenails;https://www.youtube.com/watch?v=cxtmwcXeGAI;FootDocDana
The forbidden cheese;https://www.youtube.com/watch?v=DVd-qZML8rY;FootDocDana
Doctor reacts: high heel danger;https://www.youtube.com/watch?v=lhn8PWgzJ7M;FootDocDana
The power of socks!;https://www.youtube.com/watch?v=T6FfnA4LhV4;FootDocDana
Doctor reacts: high heel injury (pt 2);https://www.youtube.com/watch?v=_5H4Lyg_SLk;FootDocDana
How nails naturally regenerate ??;https://www.youtube.com/watch?v=e4Ax6_awCCk;FootDocDana
Extreme toe walking;https://www.youtube.com/watch?v=VUAHyBVdI3k;FootDocDana
The scariest thing a baby can do;https://www.youtube.com/watch?v=8_bJ7Qts3ds;FootDocDana
Doctor reacts: high heels injury?;https://www.youtube.com/watch?v=fQQGg2R2scc;FootDocDana
This was hard to watch;https://www.youtube.com/watch?v=0we5Mmm7hKk;FootDocDana
Doctor reacts: shaving down a wart;https://www.youtube.com/watch?v=zwpvupK9qLU;FootDocDana
Youll never guess what was stuck in the foot!;https://www.youtube.com/watch?v=3W1hVlDpwHo;FootDocDana
Doctor reacts: memory foam skin;https://www.youtube.com/watch?v=s4TIOqSzPa4;FootDocDana
The reality of being a doctor;https://www.youtube.com/watch?v=nuhNe30Br8I;FootDocDana
Doctor reacts to sprained ankle;https://www.youtube.com/watch?v=uPsi_0-AzzQ;FootDocDana
How to properly cut your toenails;https://www.youtube.com/watch?v=tYRaN6hyWxs;FootDocDana
Doctor explains: random hairs;https://www.youtube.com/watch?v=VP532hzDemg;FootDocDana
Doctor reacts: genius splinter life hack;https://www.youtube.com/watch?v=ZRXV3XbuT_Q;FootDocDana
Doctor explains leg straightening surgery;https://www.youtube.com/watch?v=M05eCyIINBk;FootDocDana
Beware of this new infectious parasite!;https://www.youtube.com/watch?v=n_ON-sfBgbQ;FootDocDana
Doctor reacts: ingrown nail stickers?;https://www.youtube.com/watch?v=F_SE9CZoVuA;FootDocDana
Doctor reacts: whats in their foot?;https://www.youtube.com/watch?v=wPwxJKHdc1A;FootDocDana
The brain injury that made him a genius;https://www.youtube.com/watch?v=GGV3V6R5fac;FootDocDana
How doctors treat ingrown nails;https://www.youtube.com/watch?v=u5Sr9cf4Dhk;FootDocDana
GenZ as doctors;https://www.youtube.com/watch?v=_OR48B404GU;FootDocDana
Doctor reacts: extreme toenail removal;https://www.youtube.com/watch?v=RdoR4srd4I8;FootDocDana
Im confused.;https://www.youtube.com/watch?v=h5vf98L_nSg;FootDocDana
Why adults shouldnt wear backpacks?;https://www.youtube.com/watch?v=rJ3GibiJKhk;FootDocDana
How healthy are your lungs?;https://www.youtube.com/watch?v=xk-wO0ZHeno;FootDocDana
The study hack that made me a doctor;https://www.youtube.com/watch?v=CDF60kuTdko;FootDocDana
Doctor reacts to callus shaving device;https://www.youtube.com/watch?v=uIBdkboW3pQ;FootDocDana
Doctor reacts: surviving a snake bite;https://www.youtube.com/watch?v=YHHGcYkivJU;FootDocDana
This technology is revolutionary!;https://www.youtube.com/watch?v=Av_sogAcEf4;FootDocDana
This surgery makes you taller?! (With @DoctorMyro);https://www.youtube.com/watch?v=sBG5_iIPVko;FootDocDana
Doctor explains calf surgery animation;https://www.youtube.com/watch?v=fwHs1qVvfPA;FootDocDana
Why this is more dangerous than it looks;https://www.youtube.com/watch?v=mYvUQblU0Sk;FootDocDana
Minimally invasive bunion surgery animation;https://www.youtube.com/watch?v=Tb-XG8pBvFA;FootDocDana
Peanut allergies in a nutshell ??;https://www.youtube.com/watch?v=cDgs7oegV3k;FootDocDana
Doctor explains flatfoot surgery animation;https://www.youtube.com/watch?v=t1lFXF5StMY;FootDocDana
Doctor explains: cracking knuckles;https://www.youtube.com/watch?v=hgkrGN2JzP8;FootDocDana
This is how a sprained ankle is treated;https://www.youtube.com/watch?v=3mkAbVjFNuw;FootDocDana
Doctor reacts: ingrown toenail removal;https://www.youtube.com/watch?v=R422F2EQvEE;FootDocDana
Doctor explains Achilles surgery;https://www.youtube.com/watch?v=3HWZLN3WjuI;FootDocDana
Fact checking another podcast;https://www.youtube.com/watch?v=CS8ptBjk5xk;FootDocDana
What body part is that?! (With @DoctorMyro);https://www.youtube.com/watch?v=buufarJg64U;FootDocDana
Doctor reacts: whats under his skin?;https://www.youtube.com/watch?v=Z6zgeTq3a5g;FootDocDana
The intrusive thoughts won;https://www.youtube.com/watch?v=xWJOoJYXhD8;FootDocDana
This company STOLE my voice with AI;https://www.youtube.com/watch?v=Lv8ZX4ny_00;FootDocDana
Doctors react: whats wrong with his leg?! (With @DoctorMyro);https://www.youtube.com/watch?v=Ok-D04nOg40;FootDocDana
What to do if a ring gets stuck! (part 2);https://www.youtube.com/watch?v=1mIPh54lc-8;FootDocDana
Doctor reacts to a heartwarming story!;https://www.youtube.com/watch?v=OYK7WCRZ9ik;FootDocDana
Why its never too late to quit!;https://www.youtube.com/watch?v=nv3j566MEAc;FootDocDana
This band-aid life hack is amazing ??;https://www.youtube.com/watch?v=0qkuejoafm0;FootDocDana
Why we always need two x ray angles;https://www.youtube.com/watch?v=zgKpL2j4GOk;FootDocDana
What to do when a ring is stuck;https://www.youtube.com/watch?v=O6r1mHPEnaQ;FootDocDana
Doctor reacts to dangerous motorcyclists;https://www.youtube.com/watch?v=PL44L3f9Y2w;FootDocDana
Doctor reacts: anatomy fun fact;https://www.youtube.com/watch?v=T5UrCmg0sLc;FootDocDana
Why THIS could trigger megalophobia;https://www.youtube.com/watch?v=PCReA9gZDiI;FootDocDana
How do you pee in surgery? ?? (with @DoctorMyro);https://www.youtube.com/watch?v=WJNWgVkfIYQ;FootDocDana
THIS is why you need new shoes;https://www.youtube.com/watch?v=VHz7BIFKKNA;FootDocDana
What happens next is GROSS??;https://www.youtube.com/watch?v=XmiGdOGpMUI;FootDocDana
Never fall for this trick!;https://www.youtube.com/watch?v=-uKAKMomHUI;FootDocDana
Surgeon plays operation!;https://www.youtube.com/watch?v=mnmUI_Vw8-c;FootDocDana
Another satisfying removal;https://www.youtube.com/watch?v=87QDaRr_-dg;FootDocDana
Doctors react: what's wrong with his leg? (With @DoctorMyro);https://www.youtube.com/watch?v=TqEruBMNalQ;FootDocDana
Why doctors ALWAYS need 2 x-rays;https://www.youtube.com/watch?v=NRj-n6geT1o;FootDocDana
This is offensive.;https://www.youtube.com/watch?v=MoDy1gdZH_Q;FootDocDana
What it takes to be a doctor;https://www.youtube.com/watch?v=Rf30rKm2reo;FootDocDana
This could be a sign of cancer?;https://www.youtube.com/watch?v=3AUICEgA6z0;FootDocDana
This @DoctorMike video upset me.;https://www.youtube.com/watch?v=61QwM0SA9uE;FootDocDana
Doctor reacts to callus life hacks;https://www.youtube.com/watch?v=nd86q4ZhcEc;FootDocDana
The intrusive thoughts won;https://www.youtube.com/watch?v=mcAigwvLTE8;FootDocDana
When nothing can gross you out;https://www.youtube.com/watch?v=vA3IKOnWkio;FootDocDana
Doctor reacts: manicure gone WRONG;https://www.youtube.com/watch?v=5oZI31tZbuY;FootDocDana
GenZ as doctors (with @barrettplasticsurgery);https://www.youtube.com/watch?v=ungmKCNHn-8;FootDocDana
My problem with @barrettplasticsurgery;https://www.youtube.com/watch?v=OeRrT2pHOkE;FootDocDana
Doctor reacts: nail removal;https://www.youtube.com/watch?v=Aetme6_znS4;FootDocDana
When it gets awkward between doctors & lawyers (with @TheLawSaysWhat & @DoctorMyro );https://www.youtube.com/watch?v=n5dzakj9A5A;FootDocDana
Doctor reacts: foot tattoo;https://www.youtube.com/watch?v=mzPPcPbxusE;FootDocDana
These beauty filters are too extreme;https://www.youtube.com/watch?v=v2m5ybxA97I;FootDocDana
Doctor reacts: the foot massage with FIRE;https://www.youtube.com/watch?v=8mCIloGX5Ng;FootDocDana
What to do when a ring is stuck;https://www.youtube.com/watch?v=QvP285ux1V8;FootDocDana
Doctor reacts: anatomy fun fact;https://www.youtube.com/watch?v=3_7QvMpDtL8;FootDocDana
How do you pee in surgery? ?? (with @DoctorMyro);https://www.youtube.com/watch?v=34JKSVPjXgs;FootDocDana
Doctors react: medical bill life hack! (With @DoctorMyro & @Erika2);https://www.youtube.com/watch?v=rkosJA8V4MA;FootDocDana
Doctor reacts to bizarre foot TikTok;https://www.youtube.com/watch?v=IMZH2ALLJ4Y;FootDocDana
Exposing more false advertising;https://www.youtube.com/watch?v=CJJNC_hjiVU;FootDocDana
My Vegas horror story!;https://www.youtube.com/watch?v=5drd230oOw0;FootDocDana
Phantom chess board plays by itself!;https://www.youtube.com/watch?v=J5oEY6PsWNg;FootDocDana
Doctor reacts: the pay gap;https://www.youtube.com/watch?v=hqpNLJTPUno;FootDocDana
What happens when the injection needle touches bone;https://www.youtube.com/watch?v=4Dwi95x5TyA;FootDocDana
Doctor reacts: he put WHAT on his feet?!;https://www.youtube.com/watch?v=HD310kubCq0;FootDocDana
Doctor reacts: cast removal gone wrong;https://www.youtube.com/watch?v=SmIRtQ5G1wQ;FootDocDana
Foot doctor reacts: most dangerous shoes ever;https://www.youtube.com/watch?v=1BKwYNg3hLs;FootDocDana
The simple travel hack youve never heard of;https://www.youtube.com/watch?v=7W6DSTbcj9E;FootDocDana
When do doctors pee??? (with @DoctorMyro);https://www.youtube.com/watch?v=-WNivqsxXL8;FootDocDana
MY MOST VIRAL VIDEO: Doctor on a plane;https://www.youtube.com/watch?v=c_Kb3h5ucVk;FootDocDana
Doctor reacts: satisfying ingrown removal;https://www.youtube.com/watch?v=dLR9molx6Nc;FootDocDana
Doctors react to rare foot condition (with @DoctorMyro );https://www.youtube.com/watch?v=Mkrd5Y6Bf90;FootDocDana
Doctor reacts: removing a screw from a foot;https://www.youtube.com/watch?v=EaPwzyJLc2Y;FootDocDana
Doctor reacts: satisfying shoe slicing;https://www.youtube.com/watch?v=FC-G9SUke-w;FootDocDana
Are IUDs effective?;https://www.youtube.com/watch?v=iPUKvf_aLuA;FootDocDana
Real surgeon tries #viral sniper trend;https://www.youtube.com/watch?v=ep9ASx2p_fk;FootDocDana
Does heating a needle sterilize it?;https://www.youtube.com/watch?v=Mt23QBNRXbs;FootDocDana
Doctor in Paris;https://www.youtube.com/watch?v=Pm5yBWumx8A;FootDocDana
Doctor reacts: trench foot;https://www.youtube.com/watch?v=zV2k7w8745E;FootDocDana
Doctor reacts: extreme pedicure;https://www.youtube.com/watch?v=2eu4ifB6tac;FootDocDana
Doctor explains: jellyfish stings;https://www.youtube.com/watch?v=p2bs1RYe6hY;FootDocDana
Doctor reacts: extreme ingrown toenail;https://www.youtube.com/watch?v=TWhMRjfsxIc;FootDocDana
Doctor reacts: creative way to use old shoes;https://www.youtube.com/watch?v=9K50x6Q1gio;FootDocDana
The TikTok grinning filter needs to be stopped;https://www.youtube.com/watch?v=IxYpvHTDWiE;FootDocDana
The TRUTH about becoming a doctor;https://www.youtube.com/watch?v=fRvnR-bySd8;FootDocDana
This video made me RAGE #doctor;https://www.youtube.com/watch?v=c8kaHc7TCnQ;FootDocDana
Doctors respond to TikTok chiropractor injury (with @DoctorMyro);https://www.youtube.com/watch?v=4Qobsd_lIfQ;FootDocDana
Doctor reacts: clay cracking asmr;https://www.youtube.com/watch?v=cHIktuDAO88;FootDocDana
This life hack video is problematic;https://www.youtube.com/watch?v=fzDcI1E4U0M;FootDocDana
Being a doctor is weird because:;https://www.youtube.com/watch?v=vDDgROX1Es4;FootDocDana
Am I a #rich doctor? (Exposed!??);https://www.youtube.com/watch?v=_u01EOXU0xY;FootDocDana
I lost my 20s?;https://www.youtube.com/watch?v=7vZEZcqOgXo;FootDocDana
Doctor reacts: color changing shoes;https://www.youtube.com/watch?v=_h-oObLSjZI;FootDocDana
Make people think its a photo #tiktok challenge;https://www.youtube.com/watch?v=xS2Prb6C8vI;FootDocDana
How Id spend $1M (doctor responds to @MrBeast);https://www.youtube.com/watch?v=OG-G1Q24Hcs;FootDocDana
Doctor reacts: ingrown toenail corrector;https://www.youtube.com/watch?v=WkxeGomSvCk;FootDocDana
Doctors react: flying squirrel (with @DoctorMyro);https://www.youtube.com/watch?v=v7NaJQ_Hc4E;FootDocDana
When youre late for work;https://www.youtube.com/watch?v=EvrLgukq-iA;FootDocDana
Doctors react to WIPEOUTS (with @DoctorMyro);https://www.youtube.com/watch?v=ISNrqTwfssM;FootDocDana
This causes brain injuries?! (with @DoctorMyro );https://www.youtube.com/watch?v=LwOJpNbEf54;FootDocDana
Doctor explains: the anatomy of bunions;https://www.youtube.com/watch?v=rrhsjdG07GU;FootDocDana
Doctors after Zoom University be like;https://www.youtube.com/watch?v=ncqYsVggVFo;FootDocDana
Doctor reacts: hydrogen peroxide life hack;https://www.youtube.com/watch?v=vR8998RXCdM;FootDocDana
The type of doctor I REALLY am;https://www.youtube.com/watch?v=NrTb48-pKrQ;FootDocDana
Doctor explains: what happens to your skin during a tattoo;https://www.youtube.com/watch?v=V_TwlIH6H20;FootDocDana
My AP classes before becoming a doctor;https://www.youtube.com/watch?v=8fcjEOjBQ6A;FootDocDana
Doctors explain: emergency tourniquet (with @DoctorMyro );https://www.youtube.com/watch?v=J2qgw_JfhuQ;FootDocDana
They found me from TikTok!;https://www.youtube.com/watch?v=czpBY6NQetY;FootDocDana
Guess the color: Christmas version;https://www.youtube.com/watch?v=Gn1mjaB1JHw;FootDocDana
When the doctor is gen Z;https://www.youtube.com/watch?v=E8IQNepgIK0;FootDocDana
Doctors explain: expired epipen (with @DoctorMyro);https://www.youtube.com/watch?v=RPis9NyWncA;FootDocDana
How I became a 25 year old doctor;https://www.youtube.com/watch?v=6SLnZyB157U;FootDocDana
The dangers of undercooked meat;https://www.youtube.com/watch?v=b7BfcI-Jmv0;FootDocDana
Doctor reacts: one reason you get chest pain;https://www.youtube.com/watch?v=8DvDMMQFL2M;FootDocDana
Doctor reacts: man flu?;https://www.youtube.com/watch?v=Y_VcPX4Sqzg;FootDocDana
Doctors explain: how to use an #epipen;https://www.youtube.com/watch?v=Iue7uya278Y;FootDocDana
Doctors react to amazing humans! (feat @DoctorMyro);https://www.youtube.com/watch?v=UBGdu1LU620;FootDocDana
Doctor reacts: testing bunion splints;https://www.youtube.com/watch?v=BBaNWqvMvmk;FootDocDana
Doctor reacts: fingernail time lapse;https://www.youtube.com/watch?v=8de1q6YUFbU;FootDocDana
Doctor reacts: crazy foot injury;https://www.youtube.com/watch?v=QN9ZwFv6nBY;FootDocDana
These patients scare me;https://www.youtube.com/watch?v=QLIcD1V0qR8;FootDocDana
What motivated me to be a doctor;https://www.youtube.com/watch?v=tQ2R5ImwYG4;FootDocDana
Doctor reacts: antibiotic myth;https://www.youtube.com/watch?v=J9RF5qcgqY8;FootDocDana
I got a Halloween gift from TikTok!;https://www.youtube.com/watch?v=Rwyu8CGTmmk;FootDocDana
Misleading advertising exposed!;https://www.youtube.com/watch?v=CstXkXaamPM;FootDocDana
Why scuba divers fall backwards!;https://www.youtube.com/watch?v=KwVJYSoOSo4;FootDocDana
The truth about bunions;https://www.youtube.com/watch?v=nDcY4FSzq8g;FootDocDana
Doctor reacts: weird socks;https://www.youtube.com/watch?v=5iX-PyzRhFo;FootDocDana
Doctor reacts: dangerous cat bites?;https://www.youtube.com/watch?v=KUwr-3sKP5Q;FootDocDana
The CHEAPEST luxury vacation;https://www.youtube.com/watch?v=YDtY4S1wJ8o;FootDocDana
Foot doctor reacts: bunion corrector;https://www.youtube.com/watch?v=Fu-lLWjsjc8;FootDocDana
Doctor reacts: whats in his foot?!;https://www.youtube.com/watch?v=_GNjHhVJEXM;FootDocDana
Tips to avoid a shark attack;https://www.youtube.com/watch?v=mDadDadQzBo;FootDocDana
Doctor reacts to surgeon rant!;https://www.youtube.com/watch?v=OpfSfH7qM2Y;FootDocDana
Doctor tries McDonalds in Paris;https://www.youtube.com/watch?v=seUNSfMGZ3U;FootDocDana
Instagram vs reality;https://www.youtube.com/watch?v=i00r21pfo7c;FootDocDana
Im a #cringe influencer?;https://www.youtube.com/watch?v=-MWIFU7hj5M;FootDocDana
Doctor explains: cast cutting saws;https://www.youtube.com/watch?v=hqVpbW4q_-Y;FootDocDana
When doctors forget the dress code;https://www.youtube.com/watch?v=S2C_Ykbr3dE;FootDocDana
When it rains during breakfast;https://www.youtube.com/watch?v=6nAoFLtW8qs;FootDocDana
Becoming a doctor: then vs now;https://www.youtube.com/watch?v=GMMN2sdjnzs;FootDocDana
What you DON'T see in my vacation photos;https://www.youtube.com/watch?v=ruUjVdJ_2Bw;FootDocDana
The forbidden Uber;https://www.youtube.com/watch?v=s8mN4CjDjco;FootDocDana
Im a work-o-holic?;https://www.youtube.com/watch?v=N2F11UpHXhI;FootDocDana
Jobs I had before I was a doctor #keeper;https://www.youtube.com/watch?v=pQnCoJV8g5M;FootDocDana
I tried the famous Bali poo coffee with @DoctorMyro;https://www.youtube.com/watch?v=87HFiC64PlY;FootDocDana
Outsmarting the surgeon;https://www.youtube.com/watch?v=kr5axDWypmY;FootDocDana
Exposing my #influencer tactics;https://www.youtube.com/watch?v=JZ_IU3AnlRA;FootDocDana
Influencers in the wild;https://www.youtube.com/watch?v=zbHqZRwDLVY;FootDocDana
Guess the color: #scrubdaddy edition;https://www.youtube.com/watch?v=Kw9yNH-5ZsY;FootDocDana
What REALLY happens when you go #viral;https://www.youtube.com/watch?v=_hSwOXCcqNM;FootDocDana
Doctor explains: cast cutting saws!;https://www.youtube.com/watch?v=gUk8dAzKd14;FootDocDana
How her surgery day was picked;https://www.youtube.com/watch?v=J5kXL5rfQy0;FootDocDana
Forbidden butter;https://www.youtube.com/watch?v=a2yIXWItxu4;FootDocDana
When I actually remember to drink water;https://www.youtube.com/watch?v=pPmQFQHxyeE;FootDocDana
Doctor reacts: world's biggest blister;https://www.youtube.com/watch?v=42BR750OW9g;FootDocDana
What Grey's Anatomy got WRONG;https://www.youtube.com/watch?v=G_kmF9Urw-M;FootDocDana
Busting sunscreen myths (part 2);https://www.youtube.com/watch?v=wuDpt1JSXqs;FootDocDana
The TRUTH about sunscreen while swimming;https://www.youtube.com/watch?v=9ijXW-5uktM;FootDocDana
Doctor busts sunscreen myths;https://www.youtube.com/watch?v=ySXeLSQJKVQ;FootDocDana
Huge announcement!;https://www.youtube.com/watch?v=zURwOC6f_4I;FootDocDana
Doctor reacts: tattoo fail;https://www.youtube.com/watch?v=KSA_GFNKPy8;FootDocDana
Surgery explained in 10 seconds;https://www.youtube.com/watch?v=fpqBwFzqowY;FootDocDana
How to #suture like a surgeon;https://www.youtube.com/watch?v=axhZiEhAfMo;FootDocDana
Doctor reacts: world's rarest foot type?;https://www.youtube.com/watch?v=MzVexbwICKU;FootDocDana
I'm in the #hospital;https://www.youtube.com/watch?v=7Ucgqk85Ll8;FootDocDana
The most relaxing way to fly;https://www.youtube.com/watch?v=PE_LlsfEo8E;FootDocDana
Foot doctor reacts: pedicure ASMR (part 2);https://www.youtube.com/watch?v=s86hPMiY8l0;FootDocDana
The WORST type of doctor (@DoctorMyro);https://www.youtube.com/watch?v=_q0y0R6ksxg;FootDocDana
Doctor explains: why girls shouldn't lift;https://www.youtube.com/watch?v=KeWDTxLgJic;FootDocDana
Doctor reacts: longest toenail ever?;https://www.youtube.com/watch?v=OcUy3KBIOzE;FootDocDana
What I REALLY want to wear #doctor;https://www.youtube.com/watch?v=8AsekfS0vfg;FootDocDana
Surgeon vs anesthesia (@DoctorMyro);https://www.youtube.com/watch?v=KVqK5BUpuKQ;FootDocDana
I outsmarted my parents;https://www.youtube.com/watch?v=dw0dCp1VO0w;FootDocDana
Doctor reacts: torn tendon;https://www.youtube.com/watch?v=sAQJnOnzAFM;FootDocDana
The scrubs I REALLY wear;https://www.youtube.com/watch?v=4wINg8tGeTI;FootDocDana
Doctor reacts: how much sun exposure do you REALLY need?;https://www.youtube.com/watch?v=tHPfe_jKbU0;FootDocDana
Doctor reacts to scary TikTok;https://www.youtube.com/watch?v=ITwTGCbucGU;FootDocDana
Private video;https://www.youtube.com/watch?v=s03a28Ti_Z4;FootDocDana
Deleted video;https://www.youtube.com/watch?v=2Q35b6r0AQU;FootDocDana
Deleted video;https://www.youtube.com/watch?v=8A5Wi91UjwU;FootDocDana
Private video;https://www.youtube.com/watch?v=VpapC1PKuJU;FootDocDana
Deleted video;https://www.youtube.com/watch?v=c4OfsL_SWYs;FootDocDana
Deleted video;https://www.youtube.com/watch?v=tJFBMtzBtC0;FootDocDana
GenZ as doctors;https://www.youtube.com/watch?v=CGecwjcyPUQ;FootDocDana
Surgeons who wear crocs be like:;https://www.youtube.com/watch?v=UB577iGJG8g;FootDocDana
Us ??;https://www.youtube.com/watch?v=fM6ulb5bovw;FootDocDana
Doctors react: foot for a knee? (with @DoctorMyro);https://www.youtube.com/watch?v=HnlhS1-TmZs;FootDocDana
Smokers lungs vs regular lungs (with @DoctorMyro);https://www.youtube.com/watch?v=2f8YkfUdUlc;FootDocDana
Im a work-o-holic?;https://www.youtube.com/watch?v=N2F11UpHXhI;FootDocDana
I tried the famous Bali poo coffee with @DoctorMyro;https://www.youtube.com/watch?v=87HFiC64PlY;FootDocDana
Surgeon vs anesthesia (@DoctorMyro);https://www.youtube.com/watch?v=KVqK5BUpuKQ;FootDocDana
The WORST type of doctor (@DoctorMyro);https://www.youtube.com/watch?v=_q0y0R6ksxg;FootDocDana
Why @TheMedLife is scared of me;https://www.youtube.com/watch?v=zeXYQlFjWVE;FootDocDana
We should be on Greys Anatomy? #doctors;https://www.youtube.com/watch?v=L277vfHlnRo;FootDocDana
My problem with @TheMedLife;https://www.youtube.com/watch?v=Fh7O_R4JS3o;FootDocDana
The emergency department after the Oscars;https://www.youtube.com/watch?v=P4tk3Uo84Ak;FootDocDana
Why @LifeofADoctor and I can't be friends;https://www.youtube.com/watch?v=gthqMwiEpps;FootDocDana
Why this TikTok doctor and I aren't friends @LifeofADoctor;https://www.youtube.com/watch?v=nkyeJ3tFQcA;FootDocDana
Girls vs Guys (ft @LifeofADoctor);https://www.youtube.com/watch?v=fIJ8Etg4rl0;FootDocDana
Doctor flips the switch (ft @LifeofADoctor);https://www.youtube.com/watch?v=M97l5NEGY0o;FootDocDana
TikTok Doctors vs Grey's Anatomy;https://www.youtube.com/watch?v=NTMvTeDY2e4;FootDocDana
The Doctors on TikTok #shorts;https://www.youtube.com/watch?v=4wZ5WYbAY8E;FootDocDana
Plastic surgeon caught in the act;https://www.youtube.com/watch?v=M9a7f_Hbs7E;FootDocDana
Why Im interested in plastic surgery;https://www.youtube.com/watch?v=aJ2t1Sczd_g;FootDocDana
The #doctors of YouTube;https://www.youtube.com/watch?v=ECWeFKWQOh4;FootDocDana
Doctor reacts: satisfying shoe slicing;https://www.youtube.com/watch?v=S7P0uRtOFl0;FootDocDana
The wrong way to floss your teeth;https://www.youtube.com/watch?v=hzEN0uhm9WE;FootDocDana
Doctor reacts: shark attacks?;https://www.youtube.com/watch?v=EciWs3eIt3Y;FootDocDana
Doctor reacts: worst shoes ever?;https://www.youtube.com/watch?v=jeGH3Keu51s;FootDocDana
#Doctor reacts: toe piercing?!;https://www.youtube.com/watch?v=5VCqCsXkq7U;FootDocDana
Doctor reacts to robot;https://www.youtube.com/watch?v=7a0s9qABndQ;FootDocDana
Doctor reacts to bizarre life hacks (part 2);https://www.youtube.com/watch?v=OCnUQPI9U44;FootDocDana
Doctor reacts: jumping on legos;https://www.youtube.com/watch?v=iFNRR5c2Qv0;FootDocDana
Foot doctor reacts to shoe hack;https://www.youtube.com/watch?v=XzLHcFtFFsc;FootDocDana
A secret many doctors wont tell you;https://www.youtube.com/watch?v=B6Ndhrh0dPA;FootDocDana
My 3 second intro;https://www.youtube.com/watch?v=aLV4wdo6XHo;FootDocDana
Doctor reacts: do YOU need shoe covers?;https://www.youtube.com/watch?v=bZgjL2xC7Ds;FootDocDana
I left my white coat at home;https://www.youtube.com/watch?v=rKetj8niduU;FootDocDana
A diet company stole my video;https://www.youtube.com/watch?v=fg2n6ZPfRLo;FootDocDana
The motivation I live by #doctor;https://www.youtube.com/watch?v=F-7_eWmhsD8;FootDocDana
Doctor reacts to brutal medical joke;https://www.youtube.com/watch?v=Aak8hshGDo0;FootDocDana
Doctor reacts: ASMR pedicure EXTREME VERSION;https://www.youtube.com/watch?v=ZaavFcvsEqs;FootDocDana
Doctor reacts: Pedicure ASMR;https://www.youtube.com/watch?v=ibMrI2aVS28;FootDocDana
Guessing the color - ASMR clay cracking;https://www.youtube.com/watch?v=1ZYI25HYtOw;FootDocDana
Day 1 of being a doctor;https://www.youtube.com/watch?v=EszIf48FYC0;FootDocDana
Her first day as a doctor;https://www.youtube.com/watch?v=j_WGcyJ4aZw;FootDocDana
Doctor glow up;https://www.youtube.com/watch?v=58phHiYDmpk;FootDocDana
I dont recommend this #DIY;https://www.youtube.com/watch?v=pOpXceIm2ZU;FootDocDana
Plot twist;https://www.youtube.com/watch?v=Hj4BTbZ4LAI;FootDocDana
This needs to stop.;https://www.youtube.com/watch?v=5KMmFsn7zLg;FootDocDana
The first #doctor on TikTok;https://www.youtube.com/watch?v=XqZzAs6cvIc;FootDocDana
Doctor reacts: rams horn nail;https://www.youtube.com/watch?v=DTfvVQDQtU8;FootDocDana
Human #squishmallow claw machine;https://www.youtube.com/watch?v=mydega2PEbU;FootDocDana
Doctor at @vidcon;https://www.youtube.com/watch?v=Q1F-OAiWJxI;FootDocDana
I was kicked out of VidCon;https://www.youtube.com/watch?v=Ax9yaAmARu0;FootDocDana
I feel like Voldemort;https://www.youtube.com/watch?v=k_XvRELx5yI;FootDocDana
The simple travel hack youve never heard of;https://www.youtube.com/watch?v=kX6c5hmz2dQ;FootDocDana
Cut out alcohol?;https://www.youtube.com/watch?v=rzKW_c2_kVc;FootDocDana
What really impressed me #doctor;https://www.youtube.com/watch?v=QCEZVgJRJ-I;FootDocDana
When your siblings grow up;https://www.youtube.com/watch?v=2XD3TihfPqo;FootDocDana
Doctor reacts: How many calories you need;https://www.youtube.com/watch?v=gCm4NdMQ4qo;FootDocDana
The doctors POV;https://www.youtube.com/watch?v=LVhvZiR-NIQ;FootDocDana
Doctor reacts: whats wrong with this baby?;https://www.youtube.com/watch?v=8u769hNKOyI;FootDocDana
Doctor reacts: what happens when a broken arm doesnt heal;https://www.youtube.com/watch?v=Xq8kvMnSiNU;FootDocDana
When my parents found my TikTok;https://www.youtube.com/watch?v=Tjb84ks0L1c;FootDocDana
Foot surgery in 13 seconds;https://www.youtube.com/watch?v=tHotvcfsfCE;FootDocDana
Don't do this!! Doctor reacts;https://www.youtube.com/watch?v=xsadQsibtfc;FootDocDana
Why my sister is crazy;https://www.youtube.com/watch?v=UDtkb0ExxLM;FootDocDana
Vacation problems;https://www.youtube.com/watch?v=cOeGJF_qRmE;FootDocDana
Doctor reacts: When to reapply sunscreen;https://www.youtube.com/watch?v=roiesdP-3A8;FootDocDana
Doctor reacts: is it cake?;https://www.youtube.com/watch?v=hGXqq07dKgM;FootDocDana
When Google is the doctor;https://www.youtube.com/watch?v=FCoWWkzOfKw;FootDocDana
Doctor on a plane;https://www.youtube.com/watch?v=lOOn-vV8_fk;FootDocDana
Doctor reacts: when to wake up;https://www.youtube.com/watch?v=_a2ydnVnCZU;FootDocDana
How #doctors walk through the hospital;https://www.youtube.com/watch?v=taw4ZgKIc-Y;FootDocDana
Doctors with resting mean face;https://www.youtube.com/watch?v=WPKhtdOfRoY;FootDocDana
POV: drawing meds in the operating room;https://www.youtube.com/watch?v=yTrv_OlX4Ms;FootDocDana
Doctor reacts: hack to make you taller?;https://www.youtube.com/watch?v=EEhTVdXQKKU;FootDocDana
Doctor reacts: stepping on an anthill;https://www.youtube.com/watch?v=YY8wFNsSOgA;FootDocDana
Doctor reacts: new high heels;https://www.youtube.com/watch?v=bZYjH2GdnDw;FootDocDana
Doctor reacts: hands for feet?;https://www.youtube.com/watch?v=8sD3aHNEYMs;FootDocDana
Doctor reacts: rare toe condition;https://www.youtube.com/watch?v=CssN-m5GmBY;FootDocDana
Doctor reacts: skin transplant machine;https://www.youtube.com/watch?v=44kB3ha7_pY;FootDocDana
Expectation vs reality;https://www.youtube.com/watch?v=TApaop2L0C8;FootDocDana
Doctor busts coffee myth;https://www.youtube.com/watch?v=c3ZlxxfaChg;FootDocDana
Doctor reacts: Creative way to use old shoes;https://www.youtube.com/watch?v=hHw_bqiwmuY;FootDocDana
Doctor reacts to #viral TikToks;https://www.youtube.com/watch?v=Z4Ph_hspEqQ;FootDocDana
The biggest secret I keep from my parents;https://www.youtube.com/watch?v=xNyydBf8Lws;FootDocDana
Doctor reacts: fridge accident;https://www.youtube.com/watch?v=Mu5rhwHZ6p4;FootDocDana
Real doctor tries viral TikTok #surgeon challenge;https://www.youtube.com/watch?v=FBxj0Jwqago;FootDocDana
Doctor reacts to shocking swing accident;https://www.youtube.com/watch?v=ScvdZ0kfR6Q;FootDocDana
I got a gift from @YouTube!;https://www.youtube.com/watch?v=p50aItQMOqE;FootDocDana
TikTok sent me a surprise!;https://www.youtube.com/watch?v=TwQcOzV8img;FootDocDana
This needs to stop.;https://www.youtube.com/watch?v=ADZrW9Gsnps;FootDocDana
When I finally remember to drink water;https://www.youtube.com/watch?v=_InAtI_kd5M;FootDocDana
The study hack that changed my life;https://www.youtube.com/watch?v=ebqAEuDljWs;FootDocDana
A diet company stole my video. #doctor;https://www.youtube.com/watch?v=Te3ZiFDco8I;FootDocDana
When your siblings grow up;https://www.youtube.com/watch?v=b3meqAXssbQ;FootDocDana
The doctors POV;https://www.youtube.com/watch?v=0682ds2BYN4;FootDocDana
When my parents found my videos;https://www.youtube.com/watch?v=q2a0GUAcQb8;FootDocDana
I dont recommend this #DIY;https://www.youtube.com/watch?v=-xS7ct_JPHU;FootDocDana
Why you should eat 1200 calories a day;https://www.youtube.com/watch?v=WIbbghgOMT0;FootDocDana
Doctor reacts: jumping on legos;https://www.youtube.com/watch?v=M286hYR9nyI;FootDocDana
Answering your questions.;https://www.youtube.com/watch?v=v_2UGINzYKE;FootDocDana
This brutal filter rates you from 1-10;https://www.youtube.com/watch?v=FQR0PBaWiYI;FootDocDana
TikTok #doctors are on Grey's Anatomy?!;https://www.youtube.com/watch?v=M3G5IYUNHrU;FootDocDana
Doctor reacts: getting a tan;https://www.youtube.com/watch?v=oCbRb4lNi-A;FootDocDana
Warning: dont engage with these profiles;https://www.youtube.com/watch?v=wwUTYEp98jQ;FootDocDana
What your 3 recent emojis say about you;https://www.youtube.com/watch?v=QSfEXcWMJLY;FootDocDana
Doctor reacts to bizarre life hacks (part 2);https://www.youtube.com/watch?v=vsZHbQw63OU;FootDocDana
People who've never had COVID be like;https://www.youtube.com/watch?v=gOH8A4lTH14;FootDocDana
How I workout (as a doctor);https://www.youtube.com/watch?v=mbicGwkmHW8;FootDocDana
Doctor reacts: don't stick this in your foot;https://www.youtube.com/watch?v=YKcR5bLO6rw;FootDocDana
My 3 second intro;https://www.youtube.com/watch?v=EQoGGMN5SnI;FootDocDana
POV: going to see any doctor;https://www.youtube.com/watch?v=mMgtB1IHpzc;FootDocDana
When my doctor videos start getting me in trouble;https://www.youtube.com/watch?v=Hx4MgO56khA;FootDocDana
The moment I realized I was a weird doctor;https://www.youtube.com/watch?v=KqMBg7eE_bc;FootDocDana
Should you become a doctor?;https://www.youtube.com/watch?v=rbud9ze1isE;FootDocDana
Which doctor did it better?;https://www.youtube.com/watch?v=um2JD65ZJzk;FootDocDana
Every #surgery students worst fear;https://www.youtube.com/watch?v=i-ttmKirjeQ;FootDocDana
Outsmarting the surgeon;https://www.youtube.com/watch?v=13PvP6MTWgk;FootDocDana
Doctor reacts: doing your own stitches?;https://www.youtube.com/watch?v=QvdzATv_a3s;FootDocDana
My wedding?;https://www.youtube.com/watch?v=fhaTjE4CivM;FootDocDana
How much young doctors are REALLY paid;https://www.youtube.com/watch?v=eTE4O_wZe1Q;FootDocDana
Jobs I had before I was a doctor;https://www.youtube.com/watch?v=mu9BDcrDK8M;FootDocDana
How Id spend $1M (doctor responds to @MrBeast);https://www.youtube.com/watch?v=iVAEBJDK2m8;FootDocDana
Doctor reacts: foot skeletons;https://www.youtube.com/watch?v=aBQxTZRvM1M;FootDocDana
When people tell me I'm crazy;https://www.youtube.com/watch?v=_URAFC8T7mU;FootDocDana
Guess the color (ASMR clay cracking) Part 2;https://www.youtube.com/watch?v=tcUamx-7wbs;FootDocDana
Why Im being banned from TikTok;https://www.youtube.com/watch?v=DKFtsqqB57s;FootDocDana
Dont make this mistake at the doctor's office;https://www.youtube.com/watch?v=1IyEJZin86Q;FootDocDana
Doctor reacts: Why do doctors never get sick?;https://www.youtube.com/watch?v=WZ9KtwfskFM;FootDocDana
What your lockscreen says about you;https://www.youtube.com/watch?v=hJuzeIzhuLY;FootDocDana
How her #surgery day was picked;https://www.youtube.com/watch?v=wnwzM3We8E8;FootDocDana
#Doctor reacts: Dangerous fish pedicure?;https://www.youtube.com/watch?v=GrAUL4rQAAY;FootDocDana
Doctor reacts: satisfying shoe slicing;https://www.youtube.com/watch?v=3adT3UYfE2I;FootDocDana
Best word in the English language;https://www.youtube.com/watch?v=DKebaaGVIjs;FootDocDana
Doctor reacts: rare birth defect;https://www.youtube.com/watch?v=qXpW1WHa4OY;FootDocDana
Someone hurt themselves because of my video?;https://www.youtube.com/watch?v=HpWsOuC2C64;FootDocDana
How to #suture like a surgeon;https://www.youtube.com/watch?v=O88ssa5QNV8;FootDocDana
What I REALLY want to wear #doctor;https://www.youtube.com/watch?v=v7T4dDABSeU;FootDocDana
Girls vs Guys (ft @LifeofADoctor);https://www.youtube.com/watch?v=fIJ8Etg4rl0;FootDocDana
#Doctor reacts: HUGE splinter removal;https://www.youtube.com/watch?v=RHoznuJlZ7U;FootDocDana
#Doctor reacts: popping foot blister;https://www.youtube.com/watch?v=08Rh7ZJjPcI;FootDocDana
I saw my ex after 10 years;https://www.youtube.com/watch?v=f9N6YkszxyE;FootDocDana
Doctor reacts: born with an extra toe;https://www.youtube.com/watch?v=4oACNcCS0HM;FootDocDana
What happens when you hit a million subscribers;https://www.youtube.com/watch?v=fMwuTie-Ink;FootDocDana
How I lost a million subscribers;https://www.youtube.com/watch?v=lLT5njHV8kc;FootDocDana
The subscriber that changed it all;https://www.youtube.com/watch?v=VjsN11PnoRM;FootDocDana
I didnt listen to my parents and this happened;https://www.youtube.com/watch?v=yv3sM9KQDK4;FootDocDana
How hitting 1M subscribers REALLY feels;https://www.youtube.com/watch?v=8JnTPwBojDg;FootDocDana
Doctor reacts: Weird sock;https://www.youtube.com/watch?v=gHoGx-7yABk;FootDocDana
When people think all #doctors are rich;https://www.youtube.com/watch?v=cD-lrrxwHmo;FootDocDana
The WORST comment I always get as a doctor;https://www.youtube.com/watch?v=bE0J7nuriHI;FootDocDana
Make people think its a photo #viral challenge;https://www.youtube.com/watch?v=ulkDLAApKDY;FootDocDana
#Doctor reacts: HUGE foot lump;https://www.youtube.com/watch?v=NsFG5q8bnbw;FootDocDana
Becoming a doctor: then vs now;https://www.youtube.com/watch?v=TGmpmFfYn3w;FootDocDana
When people say girls cant be strong;https://www.youtube.com/watch?v=2DIxUz6bFAM;FootDocDana
#TikTok sent me a valentines gift!;https://www.youtube.com/watch?v=_H_ilbH3wKw;FootDocDana
Doctor tries pretend the filter isnt there challenge;https://www.youtube.com/watch?v=WnLGyL9RxNA;FootDocDana
#Doctor reacts: satisfying ingrown removal;https://www.youtube.com/watch?v=wlNqqGZuvEk;FootDocDana
Doctor reacts: High heels surprise;https://www.youtube.com/watch?v=QMajaG91O9k;FootDocDana
My conspiracy theory about #facebook;https://www.youtube.com/watch?v=JIUk-ci9E4E;FootDocDana
Why doctors hate watching TikTok;https://www.youtube.com/watch?v=_b_heRXE2rI;FootDocDana
#Doctor responds to hate comment (part 4);https://www.youtube.com/watch?v=GoMsGwD1_3Y;FootDocDana
How NOT to react in an airplane emergency;https://www.youtube.com/watch?v=Q8saLowP2QM;FootDocDana
Doctor secrets;https://www.youtube.com/watch?v=sYI2WMBgNss;FootDocDana
When all your friends grow up;https://www.youtube.com/watch?v=GhCHpn2C61M;FootDocDana
Worst doctor ever? #shorts;https://www.youtube.com/watch?v=e73uvt45E-A;FootDocDana
#Doctor reacts: pedicure ASMR (part 2);https://www.youtube.com/watch?v=HKL3parENK8;FootDocDana
Reported to my medical board #doctor;https://www.youtube.com/watch?v=XZ8NWJxeWww;FootDocDana
Getting ready for work at the hospital #shorts;https://www.youtube.com/watch?v=lR6tp1alfWA;FootDocDana
Doctor reacts: 2006 vs now;https://www.youtube.com/watch?v=ZZmPoWG0OKM;FootDocDana
Things people ask me as a #doctor on YouTube;https://www.youtube.com/watch?v=y46RYE4b-GY;FootDocDana
Can you guess what this is?;https://www.youtube.com/watch?v=XuvvCp-304U;FootDocDana
Where doctors sleep in the hospital #shorts;https://www.youtube.com/watch?v=xEAYSSj9YkY;FootDocDana
The #tech life hack I use EVERY day!;https://www.youtube.com/watch?v=I3JcB_JaXy0;FootDocDana
Doctor reacts: its impossible to keep your tongue still #shorts;https://www.youtube.com/watch?v=t7Zo1IicUX8;FootDocDana
Doctor & tiktoker vibing #shorts;https://www.youtube.com/watch?v=E9dFWH7QnCQ;FootDocDana
Doctor reacts: fitness hack #shorts;https://www.youtube.com/watch?v=Dyc4Pj-lgoA;FootDocDana
How to scare a doctor #shorts;https://www.youtube.com/watch?v=-54KgHQS9ws;FootDocDana
When someone tells me NOT to make a video;https://www.youtube.com/watch?v=TyLLSX6UeoM;FootDocDana
I got a gift from TikTok! #shorts;https://www.youtube.com/watch?v=nj2xu-BfQVA;FootDocDana
Doctor reacts: dangerous cat bites?;https://www.youtube.com/watch?v=JoQUcduR8kY;FootDocDana
#Doctor fit check;https://www.youtube.com/watch?v=cnFVmT0-Pf8;FootDocDana
Why I hate watching TikTok;https://www.youtube.com/watch?v=Kya2QFH8pZw;FootDocDana
I got a package from YouTube! #shorts;https://www.youtube.com/watch?v=-5Ocer6f6Zg;FootDocDana
Who REALLY works in the hospitals #shorts;https://www.youtube.com/watch?v=VjZxOiETuDw;FootDocDana
The TRUTH about becoming a doctor #shorts;https://www.youtube.com/watch?v=ZM30j9cSnrk;FootDocDana
Why I dont curse in videos;https://www.youtube.com/watch?v=C4ihPpXhSW4;FootDocDana
Awkward doctor moments #shorts;https://www.youtube.com/watch?v=Es0BnfowAC8;FootDocDana
Ways to style scrubs #shorts;https://www.youtube.com/watch?v=Gl5_5T-5c3o;FootDocDana
Scrubs at the hospital #shorts;https://www.youtube.com/watch?v=kiAJicULloA;FootDocDana
My greatest accomplishment #shorts;https://www.youtube.com/watch?v=t0LXuKtto3Q;FootDocDana
When studying is life #shorts;https://www.youtube.com/watch?v=9aiUe0vgidI;FootDocDana
Why YouTube sent me TWO play buttons;https://www.youtube.com/watch?v=es-SmA-85Us;FootDocDana
YouTube sent me TWO play buttons;https://www.youtube.com/watch?v=q_6EapJcWBg;FootDocDana
Doctor reacts: foot tattoo #shorts;https://www.youtube.com/watch?v=KEn3nkGWb6Y;FootDocDana
To the haters #shorts;https://www.youtube.com/watch?v=D6Y5RTlAc6M;FootDocDana
When YouTube surprised me;https://www.youtube.com/watch?v=RueDzWDWnCc;FootDocDana
Why we shouldnt wear pink #shorts;https://www.youtube.com/watch?v=V8-1tpq_JBY;FootDocDana
Doctor explains toe surgery in 15 seconds;https://www.youtube.com/watch?v=sA2RbzhbosU;FootDocDana
My red flags #doctor;https://www.youtube.com/watch?v=__svdkzThMo;FootDocDana
Most people can't think this fast! #shorts;https://www.youtube.com/watch?v=1dmb9A8wo_w;FootDocDana
THESE LADY DOCTORS KILLED IT!??;https://www.youtube.com/watch?v=paWFLgiG8LE;FootDocDana
When coworkers find your social media;https://www.youtube.com/watch?v=RoRwzwSeuzA;FootDocDana
The type of doctor I am;https://www.youtube.com/watch?v=Z9QJd2D1KR0;FootDocDana
What happens when you cut out caffeine #shorts;https://www.youtube.com/watch?v=FA5kK7iPmms;FootDocDana
Hidden sugar in our food #starbucks;https://www.youtube.com/watch?v=RlCl_dfu_Kc;FootDocDana
Doctor reacts: foot #detox?;https://www.youtube.com/watch?v=lhRISBvn_xE;FootDocDana
The secret ingredient in soda;https://www.youtube.com/watch?v=zT6zWrrc1FI;FootDocDana
Youll never eat #yogurt again after watching this video;https://www.youtube.com/watch?v=WtgZE9JpEWk;FootDocDana
Doctors are more important than nurses?;https://www.youtube.com/watch?v=fCEOi40KXuw;FootDocDana
Doctor reacts: 3D printing a foot;https://www.youtube.com/watch?v=YBE_xyGpOHA;FootDocDana
Why med students FREAK OUT today;https://www.youtube.com/watch?v=Y9l3RIRoNvk;FootDocDana
What studying too much does;https://www.youtube.com/watch?v=6NGH49lEvBU;FootDocDana
They found me from TikTok!!;https://www.youtube.com/watch?v=FypZfKMQRlA;FootDocDana
Im on Greys Anatomy?!;https://www.youtube.com/watch?v=xSgoRwk4YsM;FootDocDana
Why I work 7 days a week #shorts;https://www.youtube.com/watch?v=r3IYE8rTbk0;FootDocDana
Doctor fits;https://www.youtube.com/watch?v=rhWh99n6eaw;FootDocDana
Shocking things doctors never do (with @GoodRx);https://www.youtube.com/watch?v=D62uQkbTdmA;FootDocDana
Doctor reacts: new high heels;https://www.youtube.com/watch?v=FwByd8yF7y0;FootDocDana
Its impossible to click this fast;https://www.youtube.com/watch?v=qjxaIjlXZHk;FootDocDana
Doctor explains: fitness hack;https://www.youtube.com/watch?v=GG9xNCA0UEY;FootDocDana
Surgeons worst enemy #shorts;https://www.youtube.com/watch?v=KnOl9f9Qdd0;FootDocDana
My parents betrayed me;https://www.youtube.com/watch?v=3w-5nYxt72g;FootDocDana
This life hack video is problematic;https://www.youtube.com/watch?v=uCEnhdSO1t8;FootDocDana
The laziest med students;https://www.youtube.com/watch?v=tzbW2jWtipc;FootDocDana
When millennials try to be genZ;https://www.youtube.com/watch?v=RrPyv0t61uk;FootDocDana
That person obsessed with Greys Anatomy #shorts;https://www.youtube.com/watch?v=n-xUnGcWFyE;FootDocDana
Why I regret becoming a doctor;https://www.youtube.com/watch?v=xiRISHB4p4I;FootDocDana
When everything changed. #doctor;https://www.youtube.com/watch?v=7OS3M0ISLkA;FootDocDana
How to get rich #shorts;https://www.youtube.com/watch?v=MYcmTL_C82w;FootDocDana
Awkward surgery moments #shorts;https://www.youtube.com/watch?v=UtjV_1tdqU4;FootDocDana
Doctor reacts: shaving HUGE foot callus;https://www.youtube.com/watch?v=MyIt162caO0;FootDocDana
Doctor reacts: concrete pedicure;https://www.youtube.com/watch?v=IrurvHI4JRY;FootDocDana
A doctors worst fear;https://www.youtube.com/watch?v=5SCbHwg94dA;FootDocDana
I shouldve used a trigger warning?;https://www.youtube.com/watch?v=xPTFBpUIlVY;FootDocDana
Apologizing for my last video;https://www.youtube.com/watch?v=IPQrJlRbdLA;FootDocDana
That escalated quickly;https://www.youtube.com/watch?v=JgjWGW2Fj00;FootDocDana
Why @TheMedLife is scared of me;https://www.youtube.com/watch?v=zeXYQlFjWVE;FootDocDana
My problem with @TheMedLife;https://www.youtube.com/watch?v=Fh7O_R4JS3o;FootDocDana
How did I end up here?;https://www.youtube.com/watch?v=mBBqIceQrjw;FootDocDana
The emergency department after the Oscars;https://www.youtube.com/watch?v=P4tk3Uo84Ak;FootDocDana
NO ONE can recognize all these logos;https://www.youtube.com/watch?v=suR5r6Nda20;FootDocDana
Walking on a dream #TikTok trend;https://www.youtube.com/watch?v=uYejomGdrZA;FootDocDana
Showing up to work in new scrubs be like;https://www.youtube.com/watch?v=j-zxo_7ZTHw;FootDocDana
Why I became a #doctor;https://www.youtube.com/watch?v=d6P_yOWWps4;FootDocDana
We should be on Greys Anatomy? #doctors;https://www.youtube.com/watch?v=L277vfHlnRo;FootDocDana
How to #suture like a surgeon;https://www.youtube.com/watch?v=4YRGYVxCYlg;FootDocDana
My 10 year plan #doctor;https://www.youtube.com/watch?v=w-iipQwXRWw;FootDocDana
Everyone remembers this wrong #MandelaEffect;https://www.youtube.com/watch?v=DsAwrwpZdsE;FootDocDana
Doctor reacts: finger injury;https://www.youtube.com/watch?v=N7f4vFSzFEc;FootDocDana
My day as a #doctor;https://www.youtube.com/watch?v=gWpgUt51PUw;FootDocDana
Why doctors ALWAYS need 2 x-rays;https://www.youtube.com/watch?v=nlahKVH2ivQ;FootDocDana
Doctor reacts: longest toe ever?;https://www.youtube.com/watch?v=qJCNfNX3EjI;FootDocDana
This is offensive #doctor;https://www.youtube.com/watch?v=u095T6bwgnU;FootDocDana
The question Im never asked;https://www.youtube.com/watch?v=k10BatM8nW8;FootDocDana
I cheated.;https://www.youtube.com/watch?v=dp9cLY2Uppo;FootDocDana
My biggest regret;https://www.youtube.com/watch?v=EJMyTrzEUSM;FootDocDana
Youre not like the other girls;https://www.youtube.com/watch?v=JLmi3Br1gXk;FootDocDana
What patients think about YouTube #shorts;https://www.youtube.com/watch?v=2OzueazXulk;FootDocDana
Remaking my first video ever! #shorts;https://www.youtube.com/watch?v=t6-KhzEyXXc;FootDocDana
When someone calls me fat;https://www.youtube.com/watch?v=0m6c5-8ahy8;FootDocDana
Doctor reacts: worst callus ever?;https://www.youtube.com/watch?v=NQVQd9EVlqg;FootDocDana
Worst shoe ever;https://www.youtube.com/watch?v=nv0674Tp5T8;FootDocDana
Take my money.;https://www.youtube.com/watch?v=zublLmI_rvs;FootDocDana
Doctor reacts: powertool injuries;https://www.youtube.com/watch?v=71UaeQRc4hI;FootDocDana
All my shoes #FootDocDana;https://www.youtube.com/watch?v=nRqx8AEU9qs;FootDocDana
Doctor reacts: how to test your shoes;https://www.youtube.com/watch?v=MVl8FFYRMC0;FootDocDana
Doctor reacts: stop stinky feet forever;https://www.youtube.com/watch?v=ynbvxt9OXlk;FootDocDana
Doctor reacts: Dont do this to your feet;https://www.youtube.com/watch?v=ecCLIZ4pKaM;FootDocDana
Plastic surgeon caught in the act;https://www.youtube.com/watch?v=M9a7f_Hbs7E;FootDocDana
Why Im interested in plastic surgery;https://www.youtube.com/watch?v=aJ2t1Sczd_g;FootDocDana
How to: stop glasses fog!;https://www.youtube.com/watch?v=cCdJTqF8IjA;FootDocDana
What #doctors REALLY want to wear ??;https://www.youtube.com/watch?v=K2QzE2ijAhY;FootDocDana
My favorite Apple Watch app;https://www.youtube.com/watch?v=-aEpc4bp8FE;FootDocDana
When people dont know Im the surgeon ???????;https://www.youtube.com/watch?v=rL2W4IpZxQo;FootDocDana
Doctor reacts: Vaginal cream on toenails?;https://www.youtube.com/watch?v=pm2iDiL40ao;FootDocDana
Doctor reacts: The move that made LeBron cry;https://www.youtube.com/watch?v=9nG4sFCeR9Q;FootDocDana
About me;https://www.youtube.com/watch?v=Ln5kkvMdzsY;FootDocDana
Dont step on nails! #Doctor;https://www.youtube.com/watch?v=0FSiZvtWvkE;FootDocDana
Doctor reacts: eating lipstick;https://www.youtube.com/watch?v=_PZKEsPqLDE;FootDocDana
My perfect partner?;https://www.youtube.com/watch?v=P3VPnLF3o20;FootDocDana
What happens when the injection needle touches bone;https://www.youtube.com/watch?v=zClaFKhNbwA;FootDocDana
I lost my 20s? #doctor;https://www.youtube.com/watch?v=ZuYfZ3qVWrA;FootDocDana
When the #doctor is too young;https://www.youtube.com/watch?v=TlzlWH8MZ0w;FootDocDana
Doctor reacts: rare toe condition;https://www.youtube.com/watch?v=s9vx4EFd550;FootDocDana
Her first words as a doctor went viral;https://www.youtube.com/watch?v=1EAnZ-CwAmo;FootDocDana
Doctor reacts to callus life hacks;https://www.youtube.com/watch?v=5owTy5M1K6M;FootDocDana
Doctor reacts: pedicure ASMR (part 3);https://www.youtube.com/watch?v=qm-j0ra3Y5g;FootDocDana
Doctor reacts: trench foot ????;https://www.youtube.com/watch?v=HRPyNHpcKDI;FootDocDana
I hate myself for this one;https://www.youtube.com/watch?v=qprxFcyBjok;FootDocDana
Doctor reacts: heart implant;https://www.youtube.com/watch?v=MDeHVmMdJAM;FootDocDana
Day in the life of a doctor;https://www.youtube.com/watch?v=OKXuQCrPffs;FootDocDana
When patients are too honest;https://www.youtube.com/watch?v=91Jv3nWdaO4;FootDocDana
Doctor in Paris;https://www.youtube.com/watch?v=GP5K61vWh2k;FootDocDana
Does wine prevent heart disease? #doctorreacts;https://www.youtube.com/watch?v=bZ2ZHPe1ukM;FootDocDana
Exposing my Instagram #photoshop;https://www.youtube.com/watch?v=bcs8K8EesSI;FootDocDana
College students worst enemy;https://www.youtube.com/watch?v=G05JF_NAVVw;FootDocDana
Doctor reacts: shoe hacks;https://www.youtube.com/watch?v=yNrAsG2YivM;FootDocDana
Doctor reacts: #TikTok foot injury;https://www.youtube.com/watch?v=5fvaK3Ciiu4;FootDocDana
Doctor reacts: shoe hack;https://www.youtube.com/watch?v=ASc52n3pKsQ;FootDocDana
Doctor reacts: bizarre callus hacks;https://www.youtube.com/watch?v=cu6koVhnmAA;FootDocDana
Doctor reacts: traveling tips;https://www.youtube.com/watch?v=p1kPUbBTOq0;FootDocDana
Why I stopped trying to lose weight;https://www.youtube.com/watch?v=5OrQ3YsZ8L8;FootDocDana
Worst product demo ever?;https://www.youtube.com/watch?v=ktvXKivSJYQ;FootDocDana
Steps to becoming a #doctor;https://www.youtube.com/watch?v=e05HCb7sYP0;FootDocDana
Why I got in trouble at the airport #surgeon;https://www.youtube.com/watch?v=vG0hE5H4qw0;FootDocDana
My outfits for the week #doctor;https://www.youtube.com/watch?v=qpm7X9N_9Uo;FootDocDana
Questions people ask me as a doctor on YouTube (part 2);https://www.youtube.com/watch?v=6-0p2h5z3RY;FootDocDana
How I make videos;https://www.youtube.com/watch?v=2dtVJLBsGSI;FootDocDana
Doctor reacts: topless shoes;https://www.youtube.com/watch?v=I6cNEUYTSFs;FootDocDana
TikTok Doctor glow up;https://www.youtube.com/watch?v=dUdZq4GoLRA;FootDocDana
Doctor reacts: faking a doctors note;https://www.youtube.com/watch?v=TvPzurWZzmA;FootDocDana
Addressing the rumors;https://www.youtube.com/watch?v=bSipaVeqmxI;FootDocDana
Doctor reacts: popping toe blisters?;https://www.youtube.com/watch?v=pj6EbX2BUPU;FootDocDana
Doctor reacts: bizarre shoe TikTok;https://www.youtube.com/watch?v=UQ-E-KI__3Q;FootDocDana
Doctor reacts: foot callus hole puncher;https://www.youtube.com/watch?v=EtQVv1YH4HM;FootDocDana
Doctor reacts: crab pedicure;https://www.youtube.com/watch?v=cG8DeKqB1Nk;FootDocDana
Doctor reacts: bible bump;https://www.youtube.com/watch?v=a8V7ksIIhFg;FootDocDana
POV: breaking up with a doctor;https://www.youtube.com/watch?v=focevqA13Z8;FootDocDana
Why I brought work on vacation;https://www.youtube.com/watch?v=HiKg_S0pBpw;FootDocDana
This book hack feels illegal;https://www.youtube.com/watch?v=CbvAFL5aszc;FootDocDana
Doctor reacts to #viral shoe TikTok (part 2);https://www.youtube.com/watch?v=cHevELzfzzk;FootDocDana
Doctor reacts: neck tick removal by @Jaybarber1010;https://www.youtube.com/watch?v=xrOU8ZSoLF8;FootDocDana
Whenever I dont wear my uniform;https://www.youtube.com/watch?v=m8_ab_rAMbI;FootDocDana
Doctor answers: did I watch Greys Anatomy?;https://www.youtube.com/watch?v=Hg7GHdqH00s;FootDocDana
Doctor reacts: foot transplant surgery;https://www.youtube.com/watch?v=sUqa9GmWiAs;FootDocDana
An elephant stepped on his foot?! Doctor reacts to TikToks;https://www.youtube.com/watch?v=rxlvEF8V2NM;FootDocDana
Awake brain surgery?! (10 INSANE facts about surgery with @DoctorMyro);https://www.youtube.com/watch?v=FShidPgpA1c;FootDocDana
Doctor answers MOST GOOGLED foot health questions!;https://www.youtube.com/watch?v=5HoFiEaGWuo;FootDocDana
Doctor debunks 10 foot health myths!;https://www.youtube.com/watch?v=T64oxII7nik;FootDocDana
Reacting to FORBIDDEN pedicures!;https://www.youtube.com/watch?v=a4E1FUOL8z8;FootDocDana
Reacting to EXTREME pedicures;https://www.youtube.com/watch?v=qw508pRcsmA;FootDocDana
Our Relationship Q&A! (with @DoctorMyro);https://www.youtube.com/watch?v=bm03wLt2PWc;FootDocDana
FUNNIEST medical TikToks of 2023!;https://www.youtube.com/watch?v=Y7YJxtXjw0A;FootDocDana
Our most VIRAL videos of 2023!;https://www.youtube.com/watch?v=ffjrwImgBlg;FootDocDana
Foot doctor reacts to CRINGE TikToks;https://www.youtube.com/watch?v=CfagMAEi_O4;FootDocDana
Foot surgeries explained in 30 seconds (3D ANIMATIONS);https://www.youtube.com/watch?v=pgVdH20qA1c;FootDocDana
Another satisfying removal;https://www.youtube.com/watch?v=87QDaRr_-dg;FootDocDana
Doctor reacts: satisfying removals & ingrowns!;https://www.youtube.com/watch?v=Qq1h-Z0UFRk;FootDocDana
My dream proposal! (*EMOTIONAL*);https://www.youtube.com/watch?v=29yHwcnOvkI;FootDocDana
My secret relationship (not clickbait);https://www.youtube.com/watch?v=AYkGE_SkmZY;FootDocDana
Doctors react to Grey's Anatomy - MEDICAL DRAMA REVIEW;https://www.youtube.com/watch?v=KAnsGqrhGKM;FootDocDana
Unboxing the 2023 TikTok advent calendar!;https://www.youtube.com/watch?v=u8Qu0yAxsTI;FootDocDana
Doctor reacts to the most INSANE medical TikToks!;https://www.youtube.com/watch?v=1gWRnis2kVI;FootDocDana
Doctor Q&A: Relationships, work, TikTok and more!;https://www.youtube.com/watch?v=k5IU_phym5Y;FootDocDana
MY TESLA ALMOST KILLED ME: new car horror story!;https://www.youtube.com/watch?v=joQl-3fsOpc;FootDocDana
Doctor reacts to CRAZY medical TikToks | FootDocDana compilation;https://www.youtube.com/watch?v=Vif5WUELnjk;FootDocDana
Doctor reacts to surgeon rant;https://www.youtube.com/watch?v=h1EqtYD5D3A;FootDocDana
Trying McDonald's in Spain!;https://www.youtube.com/watch?v=BERuSQvi02I;FootDocDana
Trying McDonalds in Paris!;https://www.youtube.com/watch?v=Pb7DBGUUyRI;FootDocDana
I got a gift from YouTube!;https://www.youtube.com/watch?v=xTO1qoCFBEU;FootDocDana
Exposing my catfish account;https://www.youtube.com/watch?v=HMB-1V4NqCQ;FootDocDana
Million subscriber play button unboxing;https://www.youtube.com/watch?v=Lg_1E6ng7_E;FootDocDana
Suturing ASMR (Simple interrupted suture technique);https://www.youtube.com/watch?v=33hJJeB7AZw;FootDocDana
10 tips to find the PERFECT shoe fit - Podiatrist explains;https://www.youtube.com/watch?v=u64X3_CQlME;FootDocDana
Doctor reacts to INSANE pedicure TikToks (part 2);https://www.youtube.com/watch?v=W3nW9w10cWc;FootDocDana
What causes heel pain? The 2 signs of plantar fasciitis;https://www.youtube.com/watch?v=1NueG3RuX3I;FootDocDana
Doctor reacts: Ingrown nail gone wrong;https://www.youtube.com/watch?v=OMycX_kuPqE;FootDocDana
So you want to be a podiatrist | REACTION to @MedSchoolInsiders;https://www.youtube.com/watch?v=rych0bwetu0;FootDocDana
Doctor reacts to WILD foot callus TikToks;https://www.youtube.com/watch?v=90K0xhxumgc;FootDocDana
Doctor reacts: The WORST foot sports injury;https://www.youtube.com/watch?v=Ub_xfKFK3uM;FootDocDana
Foot doctor reacts to CRAZIEST pedicure TikToks;https://www.youtube.com/watch?v=5z2V1KAwaQw;FootDocDana
Doctor reacts: BRUTAL medical memes!;https://www.youtube.com/watch?v=tYObn-tgOzs;FootDocDana
Funniest doctor TikToks of this year!;https://www.youtube.com/watch?v=VCtrQOQ457M;FootDocDana
Different types of needles (vaccines versus others);https://www.youtube.com/watch?v=qxvV0W2x3EI;FootDocDana
Loser cries unboxing silver play button (100k subscribers creator award);https://www.youtube.com/watch?v=lJicL8famUc;FootDocDana
"Doctor explains: What YOU need to know about make-up's ""toxic chemicals"" | The PFAS study";https://www.youtube.com/watch?v=g0Bon93w2xc;FootDocDana
You'll never drink soda again after watching this video;https://www.youtube.com/watch?v=KHAFCjlqF4k;FootDocDana
Real doctor tries TikTok surgeon challenges | @FootDocDana TikTok Compilation;https://www.youtube.com/watch?v=NGP4ZmaqJw8;FootDocDana
WHAT'S IN MY BAG: Doctor Edition (Foot & Ankle Surgery / Podiatry);https://www.youtube.com/watch?v=slQGhmQ0hmA;FootDocDana
TOP 10 most liked TikToks of all time! (by @FootDocDana);https://www.youtube.com/watch?v=t9lIU-T5ojs;FootDocDana
Archies footwear review (Arch support flip flops & slides);https://www.youtube.com/watch?v=fzZejvv1wqo;FootDocDana
DOCTOR REACTS: First TikToks! | OG Medical TikToker Footdocdana;https://www.youtube.com/watch?v=yJRJmZSeNt8;FootDocDana
Miss or Mrs? ??;https://www.youtube.com/watch?v=zgGA7aP4yRY;FootDocDana
What it takes to be a doctor;https://www.youtube.com/watch?v=Rf30rKm2reo;FootDocDana
The TRUTH about becoming a doctor;https://www.youtube.com/watch?v=fRvnR-bySd8;FootDocDana
Things in my office that just make sense #doctor;https://www.youtube.com/watch?v=yQVDHfVao9A;FootDocDana
What motivated me to be a doctor;https://www.youtube.com/watch?v=tQ2R5ImwYG4;FootDocDana
I lost my 20s? #doctor;https://www.youtube.com/watch?v=ZuYfZ3qVWrA;FootDocDana
The scrubs I REALLY wear;https://www.youtube.com/watch?v=4wINg8tGeTI;FootDocDana
How to get rich #shorts;https://www.youtube.com/watch?v=MYcmTL_C82w;FootDocDana
Why I regret becoming a doctor;https://www.youtube.com/watch?v=xiRISHB4p4I;FootDocDana
I got a gift from YouTube!;https://www.youtube.com/watch?v=xTO1qoCFBEU;FootDocDana
Doctor fits;https://www.youtube.com/watch?v=rhWh99n6eaw;FootDocDana
What studying too much does;https://www.youtube.com/watch?v=6NGH49lEvBU;FootDocDana
Why med students FREAK OUT today;https://www.youtube.com/watch?v=Y9l3RIRoNvk;FootDocDana
Why we shouldnt wear pink #shorts;https://www.youtube.com/watch?v=V8-1tpq_JBY;FootDocDana
When studying is life #shorts;https://www.youtube.com/watch?v=9aiUe0vgidI;FootDocDana
Ways to style scrubs #shorts;https://www.youtube.com/watch?v=Gl5_5T-5c3o;FootDocDana
The TRUTH about becoming a doctor #shorts;https://www.youtube.com/watch?v=ZM30j9cSnrk;FootDocDana
Doctor reacts: 2006 vs now;https://www.youtube.com/watch?v=ZZmPoWG0OKM;FootDocDana
Becoming a doctor: then vs now;https://www.youtube.com/watch?v=TGmpmFfYn3w;FootDocDana
I saw my ex after 10 years;https://www.youtube.com/watch?v=f9N6YkszxyE;FootDocDana
When people tell me I'm crazy;https://www.youtube.com/watch?v=_URAFC8T7mU;FootDocDana
Jobs I had before I was a doctor;https://www.youtube.com/watch?v=mu9BDcrDK8M;FootDocDana
How much young doctors are REALLY paid;https://www.youtube.com/watch?v=eTE4O_wZe1Q;FootDocDana
The study hack that changed my life;https://www.youtube.com/watch?v=ebqAEuDljWs;FootDocDana
Marrying rich? #doctors;https://www.youtube.com/watch?v=5Iuydwwa44A;FootDocDana
My gear as a #doctor;https://www.youtube.com/watch?v=elSDFCf-SPc;FootDocDana
Admitting when I'm wrong.;https://www.youtube.com/watch?v=qPCmL5WH68o;FootDocDana
How I became a #doctor at 25;https://www.youtube.com/watch?v=xiQtqUk3w34;FootDocDana
TikTok Doctor: high school vs now #glowup;https://www.youtube.com/watch?v=8tYZ7Hjf4sU;FootDocDana
My AP classes before becoming a doctor;https://www.youtube.com/watch?v=Mq08fU4UKYs;FootDocDana
Questions people ask me as a doctor on YouTube;https://www.youtube.com/watch?v=AIdGm-cwhlM;FootDocDana
Someone dressed as me for Halloween?!;https://www.youtube.com/watch?v=OnLw1wJcgys;FootDocDana
Day in the life of a doctor;https://www.youtube.com/watch?v=OKXuQCrPffs;FootDocDana
THESE LADY DOCTORS KILLED IT!??;https://www.youtube.com/watch?v=paWFLgiG8LE;FootDocDana
The type of doctor I REALLY am;https://www.youtube.com/watch?v=U4NpeM8o2_Y;FootDocDana
Outsmarting my parents #shorts #glowup;https://www.youtube.com/watch?v=gjsdAJ4-4I8;FootDocDana
My wedding?;https://www.youtube.com/watch?v=XkHrOn92Ybw;FootDocDana
Wanting to give up on school;https://www.youtube.com/watch?v=VIxU_R8sELE;FootDocDana
TIKTOK DOCTOR GLOW-UPS;https://www.youtube.com/watch?v=KhiKE6Eos2Q;FootDocDana
TikTok Doctors vs Grey's Anatomy;https://www.youtube.com/watch?v=NTMvTeDY2e4;FootDocDana
Reasons I'll never say #sorry;https://www.youtube.com/watch?v=EM5qA_yrS2s;FootDocDana
I didnt see this coming;https://www.youtube.com/watch?v=M45nO6YsWDQ;FootDocDana
My thoughts on Cinderella surgery;https://www.youtube.com/watch?v=-aGxccfMUmo;FootDocDana
Doctor reacts: faking being sick;https://www.youtube.com/watch?v=gM4kqmrVJUY;FootDocDana
Im shook ??;https://www.youtube.com/watch?v=EqVnEQlXdk8;FootDocDana
The study hack that made me a doctor;https://www.youtube.com/watch?v=QvwjZo0FB7c;FootDocDana
Peanut allergies in a nutshell ??;https://www.youtube.com/watch?v=V4XXp27YkiI;FootDocDana
They messed up ?? @Die_OP_Bros;https://www.youtube.com/watch?v=McpY__5c2V0;FootDocDana
The intrusive thoughts won;https://www.youtube.com/watch?v=IAlCzWypX9s;FootDocDana
When do doctors pee? (With @DoctorMyro);https://www.youtube.com/watch?v=CJ-5n6Eazz8;FootDocDana
Dont make this mistake at the doctors office;https://www.youtube.com/watch?v=Zrvb6dpKalg;FootDocDana
Do I like being a doctor?;https://www.youtube.com/watch?v=PTFglcdSPVw;FootDocDana
I NEVER take off my scrubs?!;https://www.youtube.com/watch?v=E-DAItik1mc;FootDocDana
I didnt see this coming;https://www.youtube.com/watch?v=m4TYLUx3IyI;FootDocDana
When your card declines at the doctors ??;https://www.youtube.com/watch?v=27dV32rauwU;FootDocDana
Peanut allergies in a nutshell;https://www.youtube.com/watch?v=7g0TCuovjVc;FootDocDana
Doctor expectation vs reality;https://www.youtube.com/watch?v=hbLAr1U47nU;FootDocDana
The intrusive thoughts won;https://www.youtube.com/watch?v=39PK5w1PqCI;FootDocDana
Doctor reacts: anatomy fun fact;https://www.youtube.com/watch?v=0_YXJxtyhGs;FootDocDana
When do doctors ??? (With @DoctorMyro);https://www.youtube.com/watch?v=G_g6N1fgezY;FootDocDana
Doctors after Zoom University be like;https://www.youtube.com/watch?v=j-l9Oj4F1Ek;FootDocDana
The laziest med students;https://www.youtube.com/watch?v=ADpWWnelc6g;FootDocDana
Why I became a #doctor;https://www.youtube.com/watch?v=lVemKmcBmqM;FootDocDana
Awkward surgery moment;https://www.youtube.com/watch?v=NpED3x04Rsg;FootDocDana
Dont make this mistake at the doctors office;https://www.youtube.com/watch?v=f6id_oCYawY;FootDocDana
Doctor reacts: getting a tan;https://www.youtube.com/watch?v=tEpro8WZ8DI;FootDocDana
Calming your nerves before surgery;https://www.youtube.com/watch?v=4QOk5Igoaws;FootDocDana
When youre late for work;https://www.youtube.com/watch?v=qkgGtoD-NH8;FootDocDana
Medical interns be like;https://www.youtube.com/watch?v=SaA1WxLrYjo;FootDocDana
Every surgery students worst fear;https://www.youtube.com/watch?v=A1cl51LlaVE;FootDocDana
I didnt see this coming;https://www.youtube.com/watch?v=RBVDKD2Z0kw;FootDocDana
Where pee REALLY comes from;https://www.youtube.com/watch?v=1dhe2Jg5DhY;FootDocDana
When your card declines at the doctors ??;https://www.youtube.com/watch?v=YpfXTKl2p5s;FootDocDana
Rookie mistake;https://www.youtube.com/watch?v=unELUjaRnLw;FootDocDana
